flow,node,dec_count,dec_time_avg,dec_time_std
1,global,1,0.19700837135314941,0.0
2,global,1,0.16297459602355957,0.0
3,global,2,0.2464909553527832,0.08518791198730469
4,global,3,0.31896233558654785,0.10171775801710338
5,global,2,0.24642646312713623,0.08508098125457764
6,global,2,0.3830770254135132,0.1381617784500122
7,global,1,0.36936306953430176,0.0
8,global,1,0.24677062034606934,0.0
9,global,1,0.32496094703674316,0.0
10,global,2,0.33060765266418457,0.0005173683166503906
11,global,1,0.3591959476470947,0.0
12,global,1,0.3337223529815674,0.0
13,global,3,0.3852676550547282,0.03202340007408746
14,global,1,0.3746027946472168,0.0
15,global,2,0.385333776473999,0.02450704574584961
16,global,1,0.4211583137512207,0.0
17,global,1,0.35855698585510254,0.0
18,global,1,0.3559386730194092,0.0
19,global,2,0.34740352630615234,0.025139570236206055
20,global,1,0.36977505683898926,0.0
21,global,1,0.36542272567749023,0.0
22,global,1,0.35988378524780273,0.0
23,global,1,0.3289170265197754,0.0
24,global,1,0.36231136322021484,0.0
25,global,1,0.36339640617370605,0.0
26,global,2,0.375912070274353,0.01551806926727295
27,global,1,0.3591272830963135,0.0
28,global,1,0.353726863861084,0.0
29,global,1,0.376788854598999,0.0
30,global,1,0.35730767250061035,0.0
31,global,1,0.3619394302368164,0.0
32,global,1,0.3207416534423828,0.0
33,global,1,0.3681819438934326,0.0
34,global,1,0.3716001510620117,0.0
35,global,1,0.360842227935791,0.0
36,global,1,0.42057275772094727,0.0
37,global,2,0.33006763458251953,0.00555872917175293
38,global,1,0.3604581356048584,0.0
39,global,1,0.4075596332550049,0.0
40,global,2,0.3742084503173828,0.00872182846069336
41,global,1,0.3973236083984375,0.0
42,global,1,0.3613924980163574,0.0
43,global,1,0.39680051803588867,0.0
44,global,2,0.39117324352264404,0.025739550590515137
45,global,1,0.33029675483703613,0.0
46,global,1,0.406480073928833,0.0
47,global,2,0.34627676010131836,0.0036554336547851562
48,global,1,0.34011268615722656,0.0
49,global,1,0.377490758895874,0.0
50,global,1,0.38529062271118164,0.0
51,global,1,0.35680079460144043,0.0
52,global,1,0.39475512504577637,0.0
53,global,1,0.3286631107330322,0.0
54,global,1,0.3682241439819336,0.0
55,global,1,0.40236926078796387,0.0
56,global,1,0.41226863861083984,0.0
57,global,1,0.3764686584472656,0.0
58,global,1,0.4994192123413086,0.0
59,global,1,0.37319207191467285,0.0
60,global,1,0.34174156188964844,0.0
61,global,1,0.34023165702819824,0.0
62,global,1,0.3693394660949707,0.0
63,global,1,0.3862612247467041,0.0
64,global,1,0.33298206329345703,0.0
65,global,2,0.4395923614501953,0.028578758239746094
66,global,1,0.3470633029937744,0.0
67,global,1,0.35925722122192383,0.0
68,global,1,0.38504505157470703,0.0
69,global,1,0.3380262851715088,0.0
70,global,3,0.40975379943847656,0.015178734438251518
71,global,2,0.3535745143890381,0.014014720916748047
72,global,2,0.4046175479888916,0.018429279327392578
73,global,1,0.3981175422668457,0.0
74,global,1,0.346172571182251,0.0
75,global,2,0.40000951290130615,0.012589097023010254
76,global,1,0.4024529457092285,0.0
77,global,1,0.3550233840942383,0.0
78,global,2,0.38216114044189453,0.038823604583740234
79,global,1,0.3945291042327881,0.0
80,global,2,0.46778321266174316,0.011222124099731445
81,global,1,0.4235532283782959,0.0
82,global,2,0.41203463077545166,0.005880475044250488
83,global,1,0.3862628936767578,0.0
84,global,1,0.39386773109436035,0.0
85,global,2,0.3625274896621704,0.0026494264602661133
86,global,1,0.3571019172668457,0.0
87,global,2,0.43520617485046387,0.005509376525878906
88,global,1,0.39986753463745117,0.0
89,global,1,0.4032435417175293,0.0
90,global,1,0.3423910140991211,0.0
91,global,1,0.349135160446167,0.0
92,global,1,0.3452606201171875,0.0
93,global,1,0.39351487159729004,0.0
94,global,1,0.40135931968688965,0.0
95,global,2,0.4416583776473999,0.0017360448837280273
96,global,1,0.39304327964782715,0.0
97,global,1,0.39599180221557617,0.0
98,global,3,0.49195122718811035,0.09304976721470927
99,global,1,0.3537108898162842,0.0
100,global,1,0.3527524471282959,0.0
101,global,2,0.4347264766693115,0.021073579788208008
102,global,1,0.36922430992126465,0.0
103,global,1,0.3805580139160156,0.0
104,global,1,0.40560030937194824,0.0
105,global,1,0.4011533260345459,0.0
106,global,1,0.4083585739135742,0.0
107,global,1,0.3550994396209717,0.0
108,global,2,0.34977054595947266,0.0010378360748291016
109,global,2,0.36880743503570557,0.0035659074783325195
110,global,2,0.4134354591369629,0.015548944473266602
111,global,2,0.3612722158432007,0.010785222053527832
112,global,1,0.3980677127838135,0.0
113,global,1,0.4027698040008545,0.0
114,global,2,0.4170879125595093,0.01028907299041748
115,global,1,0.3965268135070801,0.0
116,global,1,0.34595561027526855,0.0
117,global,1,0.4043140411376953,0.0
118,global,1,0.4030001163482666,0.0
119,global,1,0.4350888729095459,0.0
120,global,1,0.4084608554840088,0.0
121,global,1,0.40592479705810547,0.0
122,global,2,0.4176713228225708,0.01083076000213623
123,global,1,0.3481624126434326,0.0
124,global,2,0.4275592565536499,0.008309721946716309
125,global,1,0.4111659526824951,0.0
126,global,1,0.40348124504089355,0.0
127,global,2,0.3917388916015625,0.02373504638671875
128,global,1,0.5314373970031738,0.0
129,global,2,0.4113351106643677,0.004368424415588379
130,global,1,0.33698081970214844,0.0
131,global,1,0.41007542610168457,0.0
132,global,3,0.35359787940979004,0.10479726270071413
133,global,2,0.4062565565109253,0.0006831884384155273
134,global,1,0.40999937057495117,0.0
135,global,1,0.43831896781921387,0.0
136,global,2,0.39103055000305176,0.0040187835693359375
137,global,1,0.3889913558959961,0.0
138,global,2,0.41452741622924805,0.004140138626098633
139,global,1,0.343677282333374,0.0
140,global,2,0.44927120208740234,0.0345616340637207
141,global,1,0.3731503486633301,0.0
142,global,2,0.26873505115509033,0.08066761493682861
143,global,1,0.21204590797424316,0.0
144,global,2,0.3520740270614624,0.14362752437591553
145,global,2,0.29111289978027344,0.08589911460876465
146,global,1,0.20931529998779297,0.0
147,global,4,0.4048503637313843,0.09882651199265131
148,global,1,0.48813438415527344,0.0
149,global,2,0.3542301654815674,0.0045931339263916016
150,global,1,0.3532595634460449,0.0
151,global,1,0.34902215003967285,0.0
152,global,1,0.45435547828674316,0.0
153,global,1,0.34420347213745117,0.0
154,global,2,0.43070054054260254,0.005905628204345703
155,global,1,0.37696266174316406,0.0
156,global,1,0.4464085102081299,0.0
157,global,2,0.4259049892425537,0.01184988021850586
158,global,1,0.41214513778686523,0.0
159,global,1,0.5285770893096924,0.0
160,global,1,0.449810266494751,0.0
161,global,2,0.3442779779434204,0.005753874778747559
162,global,1,0.40142250061035156,0.0
163,global,1,0.34848952293395996,0.0
164,global,2,0.3547912836074829,0.017980217933654785
165,global,1,0.41545796394348145,0.0
166,global,3,0.49658989906311035,0.011788706820522634
167,global,1,0.40929555892944336,0.0
168,global,1,0.40469861030578613,0.0
169,global,1,0.40654540061950684,0.0
170,global,1,0.3793668746948242,0.0
171,global,3,0.4464900493621826,0.02380416637455811
172,global,1,0.34009885787963867,0.0
173,global,2,0.41566967964172363,0.0050601959228515625
174,global,1,0.3832230567932129,0.0
175,global,2,0.43940579891204834,0.002066969871520996
176,global,2,0.48400843143463135,0.050992369651794434
177,global,1,0.38922715187072754,0.0
178,global,2,0.47265803813934326,0.053841233253479004
179,global,1,0.4267873764038086,0.0
180,global,1,0.4098224639892578,0.0
181,global,2,0.42497336864471436,0.003676772117614746
182,global,1,0.4576263427734375,0.0
183,global,1,0.44204187393188477,0.0
184,global,1,0.4188368320465088,0.0
185,global,1,0.4144296646118164,0.0
186,global,2,0.44618093967437744,0.012830376625061035
187,global,2,0.450661301612854,0.005486130714416504
188,global,2,0.45496535301208496,0.009087324142456055
189,global,1,0.41700124740600586,0.0
190,global,2,0.46441447734832764,0.04050147533416748
191,global,1,0.420452356338501,0.0
192,global,1,0.4476320743560791,0.0
193,global,1,0.4216897487640381,0.0
194,global,1,0.5126121044158936,0.0
195,global,1,0.42195630073547363,0.0
196,global,2,0.4653357267379761,0.04510009288787842
197,global,2,0.45494401454925537,0.03758203983306885
198,global,1,0.4467504024505615,0.0
199,global,2,0.34787821769714355,0.004877805709838867
200,global,2,0.3656289577484131,0.02040553092956543
201,global,2,0.4298133850097656,0.0011484622955322266
202,global,1,0.34319424629211426,0.0
203,global,1,0.2312147617340088,0.0
204,global,1,0.3970305919647217,0.0
205,global,2,0.4505753517150879,0.012653350830078125
206,global,1,0.35867977142333984,0.0
207,global,1,0.4351050853729248,0.0
208,global,2,0.3319685459136963,0.10585641860961914
209,global,1,0.35957789421081543,0.0
210,global,1,0.41098904609680176,0.0
211,global,1,0.423203706741333,0.0
212,global,1,0.38097667694091797,0.0
213,global,1,0.43647313117980957,0.0
214,global,1,0.4202859401702881,0.0
215,global,1,0.4254581928253174,0.0
216,global,3,0.36679720878601074,0.016874118404788335
217,global,1,0.45331716537475586,0.0
218,global,1,0.42192697525024414,0.0
219,global,1,0.35652661323547363,0.0
220,global,1,0.35231661796569824,0.0
221,global,1,0.42176270484924316,0.0
222,global,1,0.34912872314453125,0.0
223,global,5,0.4348015308380127,0.0869487849655887
224,global,1,0.4406716823577881,0.0
225,global,1,0.4346282482147217,0.0
226,global,1,0.42955780029296875,0.0
227,global,1,0.3793509006500244,0.0
228,global,1,0.34856510162353516,0.0
229,global,1,0.3638136386871338,0.0
230,global,1,0.4290351867675781,0.0
231,global,1,0.34753966331481934,0.0
232,global,1,0.3503124713897705,0.0
233,global,1,0.34667539596557617,0.0
234,global,1,0.3626101016998291,0.0
235,global,1,0.4263441562652588,0.0
236,global,1,0.3807981014251709,0.0
237,global,2,0.43657422065734863,0.0038056373596191406
238,global,2,0.45835983753204346,0.006313204765319824
239,global,1,0.351367712020874,0.0
240,global,1,0.4369010925292969,0.0
241,global,3,0.3684012095133464,0.0980736936732423
242,global,1,0.3837904930114746,0.0
243,global,1,0.43179965019226074,0.0
244,global,1,0.4332709312438965,0.0
245,global,1,0.45490288734436035,0.0
246,global,2,0.386405348777771,0.028829216957092285
247,global,1,0.4335916042327881,0.0
248,global,2,0.3683964014053345,0.021690726280212402
249,global,1,0.3838980197906494,0.0
250,global,1,0.3393974304199219,0.0
251,global,1,0.4411308765411377,0.0
252,global,1,0.3492558002471924,0.0
253,global,2,0.4015904664993286,0.07347691059112549
254,global,1,0.17702889442443848,0.0
255,global,1,0.25893545150756836,0.0
256,global,2,0.2998741865158081,0.1226738691329956
257,global,1,0.21153831481933594,0.0
258,global,1,0.3939628601074219,0.0
259,global,1,0.42476868629455566,0.0
260,global,1,0.34850168228149414,0.0
261,global,2,0.4701577425003052,0.05242955684661865
262,global,1,0.2134091854095459,0.0
263,global,1,0.2807655334472656,0.0
264,global,1,0.23323369026184082,0.0
265,global,1,0.24910593032836914,0.0
266,global,1,0.427340030670166,0.0
267,global,1,0.42050909996032715,0.0
268,global,2,0.4443359375,0.022353172302246094
269,global,2,0.3774263858795166,0.025973081588745117
270,global,1,0.4454655647277832,0.0
271,global,1,0.22664380073547363,0.0
272,global,2,0.31581437587738037,0.047516703605651855
273,global,2,0.4675945043563843,0.00539553165435791
274,global,1,0.47707605361938477,0.0
275,global,1,0.3771944046020508,0.0
276,global,1,0.43141627311706543,0.0
277,global,1,0.46467065811157227,0.0
278,global,2,0.4409019947052002,0.0027976036071777344
279,global,1,0.4339134693145752,0.0
280,global,1,0.5675301551818848,0.0
281,global,2,0.4480128288269043,0.0071506500244140625
282,global,1,0.3499925136566162,0.0
283,global,2,0.3285101652145386,0.1025766134262085
284,global,1,0.4296391010284424,0.0
285,global,2,0.442335844039917,0.0020208358764648438
286,global,1,0.4998612403869629,0.0
287,global,2,0.4816288948059082,0.05418086051940918
288,global,2,0.44279229640960693,0.003691554069519043
289,global,1,0.45144081115722656,0.0
290,global,2,0.5128720998764038,0.018460392951965332
291,global,1,0.47283267974853516,0.0
292,global,1,0.4255368709564209,0.0
293,global,1,0.4322807788848877,0.0
294,global,1,0.5028622150421143,0.0
295,global,1,0.3915975093841553,0.0
296,global,2,0.3547191619873047,0.008890628814697266
297,global,1,0.4292714595794678,0.0
298,global,1,0.43132996559143066,0.0
299,global,2,0.3490896224975586,0.09299612045288086
300,global,1,0.3649172782897949,0.0
301,global,1,0.4588148593902588,0.0
302,global,1,0.4987828731536865,0.0
303,global,1,0.5131547451019287,0.0
304,global,2,0.45739078521728516,0.029604434967041016
305,global,1,0.43491387367248535,0.0
306,global,1,0.3629772663116455,0.0
307,global,1,0.4948725700378418,0.0
308,global,1,0.47090983390808105,0.0
309,global,1,0.4546334743499756,0.0
310,global,1,0.46103382110595703,0.0
311,global,1,0.5083553791046143,0.0
312,global,1,0.43119168281555176,0.0
313,global,1,0.44846177101135254,0.0
314,global,1,0.44171643257141113,0.0
315,global,1,0.3554675579071045,0.0
316,global,1,0.4453623294830322,0.0
317,global,1,0.5215010643005371,0.0
318,global,1,0.43764615058898926,0.0
319,global,1,0.4430105686187744,0.0
320,global,1,0.444751501083374,0.0
321,global,1,0.39174413681030273,0.0
322,global,1,0.36548733711242676,0.0
323,global,2,0.33399009704589844,0.10973429679870605
324,global,1,0.4440650939941406,0.0
325,global,1,0.3606133460998535,0.0
326,global,2,0.3949007987976074,0.04440617561340332
327,global,1,0.4747593402862549,0.0
328,global,1,0.4074666500091553,0.0
329,global,3,0.3689255714416504,0.08815917690517269
330,global,1,0.3610091209411621,0.0
331,global,1,0.44713306427001953,0.0
332,global,1,0.3504626750946045,0.0
333,global,1,0.20797133445739746,0.0
334,global,1,0.19554519653320312,0.0
335,global,1,0.45342183113098145,0.0
336,global,1,0.3526902198791504,0.0
337,global,2,0.3713592290878296,0.12415087223052979
338,global,1,0.44164347648620605,0.0
339,global,1,0.3810553550720215,0.0
340,global,1,0.21941447257995605,0.0
341,global,1,0.2281174659729004,0.0
342,global,1,0.25682878494262695,0.0
343,global,2,0.255649209022522,0.018021225929260254
344,global,1,0.2278883457183838,0.0
345,global,1,0.3370790481567383,0.0
346,global,2,0.2765737771987915,0.09523522853851318
347,global,1,0.18546581268310547,0.0
348,global,1,0.22727608680725098,0.0
349,global,1,0.2292613983154297,0.0
350,global,3,0.2721751530965169,0.11362869173009371
351,global,1,0.2390143871307373,0.0
352,global,1,0.4027531147003174,0.0
353,global,1,0.3640880584716797,0.0
354,global,2,0.510898232460022,0.026802897453308105
355,global,1,0.43613123893737793,0.0
356,global,3,0.30901066462198895,0.08999859163489358
357,global,2,0.34007108211517334,0.10303390026092529
358,global,1,0.4473698139190674,0.0
359,global,2,0.48619747161865234,0.0044269561767578125
360,global,2,0.3507704734802246,0.10244011878967285
361,global,1,0.23471808433532715,0.0
362,global,1,0.17991948127746582,0.0
363,global,1,0.22098469734191895,0.0
364,global,1,0.19175934791564941,0.0
365,global,1,0.20598840713500977,0.0
366,global,1,0.22406220436096191,0.0
367,global,1,0.1793501377105713,0.0
368,global,1,0.2321474552154541,0.0
369,global,1,0.3669140338897705,0.0
370,global,1,0.4849050045013428,0.0
371,global,1,0.4532198905944824,0.0
372,global,1,0.41910457611083984,0.0
373,global,2,0.287966251373291,0.08346033096313477
374,global,2,0.3543912172317505,0.091011643409729
375,global,2,0.3556325435638428,0.00014925003051757812
376,global,1,0.36973047256469727,0.0
377,global,2,0.453776478767395,0.005380511283874512
378,global,1,0.35966062545776367,0.0
379,global,1,0.488067626953125,0.0
380,global,1,0.3658421039581299,0.0
381,global,1,0.3505990505218506,0.0
382,global,1,0.4779777526855469,0.0
383,global,1,0.3057541847229004,0.0
384,global,1,0.22798824310302734,0.0
385,global,1,0.18119263648986816,0.0
386,global,1,0.17464566230773926,0.0
387,global,2,0.3136751651763916,0.10962700843811035
388,global,3,0.24511520067850748,0.07651788010270337
389,global,1,0.22504115104675293,0.0
390,global,1,0.23987460136413574,0.0
391,global,1,0.22653555870056152,0.0
392,global,1,0.43151402473449707,0.0
393,global,1,0.32602691650390625,0.0
394,global,1,0.41503047943115234,0.0
395,global,1,0.4329049587249756,0.0
396,global,2,0.4555020332336426,0.012686729431152344
397,global,1,0.3835608959197998,0.0
398,global,1,0.25469136238098145,0.0
399,global,1,0.17451262474060059,0.0
400,global,1,0.3498373031616211,0.0
401,global,1,0.32581043243408203,0.0
402,global,2,0.38773059844970703,0.13867831230163574
403,global,1,0.22998762130737305,0.0
404,global,1,0.22903156280517578,0.0
405,global,1,0.2590646743774414,0.0
406,global,3,0.2800634702046712,0.06406263894333816
407,global,1,0.460418701171875,0.0
408,global,1,0.47142672538757324,0.0
409,global,1,0.3520238399505615,0.0
410,global,1,0.4440765380859375,0.0
411,global,1,0.3550848960876465,0.0
412,global,1,0.4499166011810303,0.0
413,global,1,0.37823057174682617,0.0
414,global,1,0.5023066997528076,0.0
415,global,1,0.4932248592376709,0.0
416,global,1,0.36638450622558594,0.0
417,global,1,0.34921979904174805,0.0
418,global,1,0.49761247634887695,0.0
419,global,1,0.36076784133911133,0.0
420,global,2,0.35184669494628906,0.12949252128601074
421,global,1,0.4584369659423828,0.0
422,global,1,0.36321449279785156,0.0
423,global,1,0.3754398822784424,0.0
424,global,3,0.3642769654591878,0.002721085252375475
425,global,1,0.39009690284729004,0.0
426,global,1,0.35376644134521484,0.0
427,global,1,0.3996310234069824,0.0
428,global,2,0.45263171195983887,0.017637014389038086
429,global,3,0.3737591902414958,0.10368255595585556
430,global,1,0.49889183044433594,0.0
431,global,2,0.3642420768737793,0.005672931671142578
432,global,1,0.22553014755249023,0.0
433,global,3,0.4423886140187581,0.041421059470676466
434,global,3,0.46852970123291016,0.014274517992222457
435,global,2,0.4931526184082031,0.11769580841064453
436,global,1,0.22750091552734375,0.0
437,global,2,0.2846710681915283,0.07746338844299316
438,global,3,0.3987257480621338,0.11612375298252688
439,global,1,0.1760399341583252,0.0
440,global,1,0.22208356857299805,0.0
441,global,1,0.22588801383972168,0.0
442,global,1,0.18128085136413574,0.0
443,global,1,0.17811274528503418,0.0
444,global,2,0.3700845241546631,0.12400436401367188
445,global,1,0.44330334663391113,0.0
446,global,1,0.44837045669555664,0.0
447,global,1,0.39690470695495605,0.0
448,global,1,0.35221123695373535,0.0
449,global,1,0.35637640953063965,0.0
450,global,1,0.36563801765441895,0.0
451,global,2,0.3921999931335449,0.016476154327392578
452,global,1,0.3518543243408203,0.0
453,global,2,0.4601207971572876,0.020269274711608887
454,global,2,0.44960033893585205,0.003763556480407715
455,global,1,0.5051555633544922,0.0
456,global,1,0.44965457916259766,0.0
457,global,1,0.4818902015686035,0.0
458,global,2,0.5308688879013062,0.08078157901763916
459,global,1,0.4411811828613281,0.0
460,global,2,0.4080817699432373,0.008273124694824219
461,global,1,0.34984898567199707,0.0
462,global,1,0.4410886764526367,0.0
463,global,1,0.4481041431427002,0.0
464,global,2,0.5457217693328857,0.050956010818481445
465,global,2,0.46892523765563965,0.00684046745300293
466,global,1,0.4925539493560791,0.0
467,global,1,0.4754958152770996,0.0
468,global,1,0.4925506114959717,0.0
469,global,1,0.4520530700683594,0.0
470,global,1,0.4075143337249756,0.0
471,global,2,0.5043632984161377,0.02022552490234375
472,global,1,0.407238245010376,0.0
473,global,1,0.46625542640686035,0.0
474,global,1,0.34648942947387695,0.0
475,global,1,0.44406604766845703,0.0
476,global,1,0.3717162609100342,0.0
477,global,1,0.3507390022277832,0.0
478,global,1,0.4481849670410156,0.0
479,global,1,0.49872565269470215,0.0
480,global,1,0.4514169692993164,0.0
481,global,1,0.3714916706085205,0.0
482,global,1,0.4451143741607666,0.0
483,global,1,0.35308218002319336,0.0
484,global,1,0.4818129539489746,0.0
485,global,1,0.35636353492736816,0.0
486,global,2,0.4730883836746216,0.028147339820861816
487,global,1,0.45996785163879395,0.0
488,global,1,0.3614501953125,0.0
489,global,1,0.35500502586364746,0.0
490,global,2,0.3800157308578491,0.011260390281677246
491,global,1,0.45150041580200195,0.0
492,global,1,0.4547758102416992,0.0
493,global,1,0.467954158782959,0.0
494,global,2,0.39567482471466064,0.012009978294372559
495,global,2,0.3582141399383545,0.0005764961242675781
496,global,1,0.3576500415802002,0.0
497,global,1,0.45996975898742676,0.0
498,global,2,0.4804701805114746,0.033750057220458984
499,global,1,0.5311775207519531,0.0
500,global,2,0.45888006687164307,0.007229924201965332
501,global,2,0.44527125358581543,0.0031061172485351562
502,global,1,0.4514775276184082,0.0
503,global,2,0.5056366920471191,0.008559703826904297
504,global,1,0.4456288814544678,0.0
505,global,1,0.4822714328765869,0.0
506,global,2,0.5907316207885742,0.05182003974914551
507,global,1,0.3677380084991455,0.0
508,global,1,0.45499634742736816,0.0
509,global,2,0.36256885528564453,0.006526470184326172
510,global,1,0.4474833011627197,0.0
511,global,1,0.4867687225341797,0.0
512,global,2,0.3611520528793335,0.0030733346939086914
513,global,1,0.3583343029022217,0.0
514,global,1,0.454099178314209,0.0
515,global,1,0.4845757484436035,0.0
516,global,2,0.31171393394470215,0.05604362487792969
517,global,1,0.4431471824645996,0.0
518,global,1,0.44736361503601074,0.0
519,global,2,0.35484635829925537,0.0023490190505981445
520,global,1,0.39201807975769043,0.0
521,global,1,0.3668034076690674,0.0
522,global,1,0.3655557632446289,0.0
523,global,1,0.5657687187194824,0.0
524,global,1,0.4507608413696289,0.0
525,global,3,0.47602589925130206,0.009182125288178983
526,global,1,0.36697864532470703,0.0
527,global,1,0.4515817165374756,0.0
528,global,2,0.4811255931854248,0.033104658126831055
529,global,2,0.4837414026260376,0.012734055519104004
530,global,3,0.5100346406300863,0.01616442959228854
531,global,1,0.49120140075683594,0.0
532,global,1,0.45381808280944824,0.0
533,global,3,0.44793470700581867,0.0008582329129497468
534,global,1,0.4540138244628906,0.0
535,global,1,0.3612499237060547,0.0
536,global,1,0.3606867790222168,0.0
537,global,2,0.4136272668838501,0.004863381385803223
538,global,1,0.45154428482055664,0.0
539,global,1,0.4812948703765869,0.0
540,global,1,0.3540985584259033,0.0
541,global,1,0.4998056888580322,0.0
542,global,1,0.3519001007080078,0.0
543,global,1,0.45818400382995605,0.0
544,global,1,0.4494163990020752,0.0
545,global,1,0.3593621253967285,0.0
546,global,1,0.46231937408447266,0.0
547,global,1,0.4517555236816406,0.0
548,global,1,0.36257171630859375,0.0
549,global,3,0.5017053286234537,0.009525504770784657
550,global,1,0.455427885055542,0.0
551,global,1,0.45483994483947754,0.0
552,global,2,0.4496387243270874,0.0029696226119995117
553,global,1,0.49977850914001465,0.0
554,global,1,0.48385143280029297,0.0
555,global,1,0.44728589057922363,0.0
556,global,1,0.355100154876709,0.0
557,global,1,0.35685086250305176,0.0
558,global,1,0.4874904155731201,0.0
559,global,2,0.5375853776931763,0.040155768394470215
560,global,1,0.3559250831604004,0.0
561,global,1,0.4488379955291748,0.0
562,global,1,0.4754369258880615,0.0
563,global,1,0.3677234649658203,0.0
564,global,1,0.5358431339263916,0.0
565,global,2,0.35505783557891846,0.094948410987854
566,global,1,0.45384645462036133,0.0
567,global,1,0.48322296142578125,0.0
568,global,1,0.5027227401733398,0.0
569,global,1,0.44096875190734863,0.0
570,global,1,0.4829559326171875,0.0
571,global,1,0.3663508892059326,0.0
572,global,1,0.3599553108215332,0.0
573,global,2,0.47658705711364746,0.032375335693359375
574,global,1,0.49056386947631836,0.0
575,global,1,0.4573545455932617,0.0
576,global,2,0.5038762092590332,0.03670907020568848
577,global,1,0.37711191177368164,0.0
578,global,1,0.3547399044036865,0.0
579,global,1,0.45214009284973145,0.0
580,global,1,0.4467639923095703,0.0
581,global,1,0.4728119373321533,0.0
582,global,2,0.5218040943145752,0.04196453094482422
583,global,1,0.5004622936248779,0.0
584,global,1,0.45999646186828613,0.0
585,global,1,0.44834303855895996,0.0
586,global,2,0.46101152896881104,0.008774876594543457
587,global,1,0.3629496097564697,0.0
588,global,1,0.2854480743408203,0.0
589,global,1,0.46418070793151855,0.0
590,global,1,0.447296142578125,0.0
591,global,1,0.35181260108947754,0.0
592,global,1,0.45008397102355957,0.0
593,global,1,0.36394453048706055,0.0
594,global,1,0.4525885581970215,0.0
595,global,1,0.5770177841186523,0.0
596,global,3,0.4008607864379883,0.12156844698227876
597,global,1,0.25494861602783203,0.0
598,global,1,0.24987149238586426,0.0
599,global,1,0.22942757606506348,0.0
600,global,1,0.1835308074951172,0.0
601,global,1,0.22926068305969238,0.0
602,global,2,0.36692237854003906,0.13346195220947266
603,global,1,0.23896026611328125,0.0
604,global,1,0.224898099899292,0.0
605,global,1,0.2233428955078125,0.0
606,global,3,0.39736461639404297,0.12492148963169242
607,global,1,0.44175124168395996,0.0
608,global,2,0.4567831754684448,0.00970613956451416
609,global,1,0.394092321395874,0.0
610,global,1,0.37276554107666016,0.0
611,global,1,0.4629852771759033,0.0
612,global,1,0.3624904155731201,0.0
613,global,2,0.3698481321334839,0.006607174873352051
614,global,1,0.4865992069244385,0.0
615,global,1,0.47974157333374023,0.0
616,global,1,0.4662740230560303,0.0
617,global,2,0.4657515287399292,0.010265469551086426
618,global,2,0.46251893043518066,0.004287242889404297
619,global,2,0.5219348669052124,0.0182875394821167
620,global,1,0.46003270149230957,0.0
621,global,1,0.4741697311401367,0.0
622,global,2,0.46068453788757324,0.00671696662902832
623,global,3,0.46533044179280597,0.006250294458020785
624,global,3,0.5196972688039144,0.05656576260400934
625,global,1,0.47771382331848145,0.0
626,global,1,0.4585683345794678,0.0
627,global,2,0.36888885498046875,0.0011298656463623047
628,global,1,0.3787868022918701,0.0
629,global,1,0.4884214401245117,0.0
630,global,1,0.45380640029907227,0.0
631,global,1,0.4498465061187744,0.0
632,global,3,0.37245623270670575,0.009931653864171469
633,global,1,0.4642350673675537,0.0
634,global,2,0.37877941131591797,0.011289596557617188
635,global,1,0.45990514755249023,0.0
636,global,2,0.48705804347991943,0.023101449012756348
637,global,1,0.36090540885925293,0.0
638,global,1,0.4568462371826172,0.0
639,global,2,0.4657174348831177,0.011621356010437012
640,global,1,0.40439295768737793,0.0
641,global,1,0.3614940643310547,0.0
642,global,1,0.6170408725738525,0.0
643,global,2,0.4927239418029785,0.003227710723876953
644,global,2,0.4617685079574585,0.0032962560653686523
645,global,1,0.4547262191772461,0.0
646,global,1,0.4945406913757324,0.0
647,global,1,0.4595322608947754,0.0
648,global,1,0.3780250549316406,0.0
649,global,1,0.4803636074066162,0.0
650,global,1,0.35004711151123047,0.0
651,global,1,0.3552875518798828,0.0
652,global,1,0.3563804626464844,0.0
653,global,2,0.370874285697937,0.005193829536437988
654,global,1,0.45633482933044434,0.0
655,global,1,0.4656248092651367,0.0
656,global,2,0.4732769727706909,0.01597130298614502
657,global,2,0.48724663257598877,0.030650973320007324
658,global,1,0.3722705841064453,0.0
659,global,1,0.501211404800415,0.0
660,global,1,0.46483826637268066,0.0
661,global,2,0.37778162956237793,0.021778345108032227
662,global,1,0.45421528816223145,0.0
663,global,1,0.42980074882507324,0.0
664,global,1,0.4046623706817627,0.0
665,global,1,0.5362281799316406,0.0
666,global,1,0.4674959182739258,0.0
667,global,2,0.48006606101989746,6.937980651855469e-05
668,global,1,0.49669623374938965,0.0
669,global,1,0.46198463439941406,0.0
670,global,1,0.3712728023529053,0.0
671,global,1,0.4527618885040283,0.0
672,global,1,0.4595191478729248,0.0
673,global,1,0.3757810592651367,0.0
674,global,1,0.45418763160705566,0.0
675,global,1,0.37251734733581543,0.0
676,global,1,0.4588179588317871,0.0
677,global,1,0.46077609062194824,0.0
678,global,1,0.45435142517089844,0.0
679,global,1,0.4694554805755615,0.0
680,global,1,0.40378642082214355,0.0
681,global,2,0.5171221494674683,0.06550157070159912
682,global,2,0.5150560140609741,0.05042994022369385
683,global,3,0.4994500478108724,0.033930398614775065
684,global,2,0.36345791816711426,0.007634401321411133
685,global,2,0.3720571994781494,0.017267227172851562
686,global,1,0.4516725540161133,0.0
687,global,1,0.3625607490539551,0.0
688,global,1,0.3714289665222168,0.0
689,global,1,0.4625871181488037,0.0
690,global,1,0.5959949493408203,0.0
691,global,1,0.36247873306274414,0.0
692,global,1,0.48438167572021484,0.0
693,global,1,0.46332263946533203,0.0
694,global,1,0.4508647918701172,0.0
695,global,1,0.39083361625671387,0.0
696,global,3,0.4860146840413411,0.015883124082953247
697,global,1,0.4511842727661133,0.0
698,global,1,0.37477970123291016,0.0
699,global,1,0.35589599609375,0.0
700,global,1,0.37917542457580566,0.0
701,global,1,0.4549980163574219,0.0
702,global,1,0.4069068431854248,0.0
703,global,1,0.4708251953125,0.0
704,global,1,0.4535386562347412,0.0
705,global,1,0.36606812477111816,0.0
706,global,1,0.3560781478881836,0.0
707,global,1,0.4627645015716553,0.0
708,global,1,0.36901235580444336,0.0
709,global,2,0.47631001472473145,0.010126352310180664
710,global,1,0.3693501949310303,0.0
711,global,1,0.45709896087646484,0.0
712,global,1,0.5313310623168945,0.0
713,global,1,0.4712343215942383,0.0
714,global,1,0.46370935440063477,0.0
715,global,1,0.4607713222503662,0.0
716,global,1,0.45358824729919434,0.0
717,global,1,0.4649803638458252,0.0
718,global,2,0.48394227027893066,0.017855405807495117
719,global,1,0.3507349491119385,0.0
720,global,1,0.45369935035705566,0.0
721,global,2,0.47308433055877686,0.009993433952331543
722,global,1,0.3795654773712158,0.0
723,global,1,0.4485478401184082,0.0
724,global,1,0.4104044437408447,0.0
725,global,2,0.36353158950805664,0.0030515193939208984
726,global,1,0.41002750396728516,0.0
727,global,2,0.47792088985443115,0.02683103084564209
728,global,1,0.49027109146118164,0.0
729,global,1,0.4653325080871582,0.0
730,global,1,0.45928144454956055,0.0
731,global,1,0.4502692222595215,0.0
732,global,1,0.5265142917633057,0.0
733,global,2,0.5209110975265503,0.004483580589294434
734,global,2,0.36939001083374023,0.008491039276123047
735,global,2,0.4712282419204712,0.014098286628723145
736,global,2,0.4990081787109375,0.016635656356811523
737,global,1,0.4694843292236328,0.0
738,global,1,0.5593905448913574,0.0
739,global,1,0.5675723552703857,0.0
740,global,2,0.4583362340927124,0.001549839973449707
741,global,1,0.3641841411590576,0.0
742,global,2,0.4712846279144287,0.01433563232421875
743,global,1,0.3940157890319824,0.0
744,global,1,0.3699023723602295,0.0
745,global,1,0.49137282371520996,0.0
746,global,1,0.35547399520874023,0.0
747,global,1,0.45330381393432617,0.0
748,global,1,0.48596906661987305,0.0
749,global,1,0.3980519771575928,0.0
750,global,1,0.4619472026824951,0.0
751,global,1,0.5390379428863525,0.0
752,global,3,0.31845569610595703,0.0980170219793292
753,global,1,0.48918747901916504,0.0
754,global,1,0.35901570320129395,0.0
755,global,1,0.4731485843658447,0.0
756,global,2,0.3888765573501587,0.1439884901046753
757,global,2,0.35488057136535645,0.0011107921600341797
758,global,1,0.47646522521972656,0.0
759,global,1,0.4958302974700928,0.0
760,global,1,0.3724544048309326,0.0
761,global,1,0.4589400291442871,0.0
762,global,2,0.3614926338195801,0.005361080169677734
763,global,1,0.4601449966430664,0.0
764,global,1,0.4492189884185791,0.0
765,global,1,0.4918222427368164,0.0
766,global,1,0.4650142192840576,0.0
767,global,1,0.4680635929107666,0.0
768,global,2,0.37876617908477783,0.005527138710021973
769,global,1,0.4593937397003174,0.0
770,global,1,0.44997453689575195,0.0
771,global,1,0.5019516944885254,0.0
772,global,3,0.32700316111246747,0.09929834628937455
773,global,2,0.3574485778808594,0.11682271957397461
774,global,1,0.379838228225708,0.0
775,global,1,0.38733983039855957,0.0
776,global,1,0.46112871170043945,0.0
777,global,2,0.37773799896240234,0.08806538581848145
778,global,1,0.3590254783630371,0.0
779,global,1,0.4726986885070801,0.0
780,global,1,0.45654964447021484,0.0
781,global,2,0.5193716287612915,0.06492769718170166
782,global,1,0.499664306640625,0.0
783,global,1,0.37772512435913086,0.0
784,global,1,0.3777308464050293,0.0
785,global,1,0.4783329963684082,0.0
786,global,1,0.47153615951538086,0.0
787,global,1,0.3703453540802002,0.0
788,global,1,0.48574185371398926,0.0
789,global,1,0.48776912689208984,0.0
790,global,1,0.47466278076171875,0.0
791,global,2,0.47504639625549316,0.02327418327331543
792,global,2,0.46244168281555176,0.004208087921142578
793,global,1,0.46669530868530273,0.0
794,global,4,0.4060051441192627,0.11736314263124134
795,global,1,0.4654994010925293,0.0
796,global,1,0.4667980670928955,0.0
797,global,1,0.45676612854003906,0.0
798,global,2,0.35915935039520264,0.10208094120025635
799,global,2,0.3777496814727783,0.12583255767822266
800,global,1,0.46469855308532715,0.0
801,global,1,0.37573790550231934,0.0
802,global,1,0.5040743350982666,0.0
803,global,1,0.37211108207702637,0.0
804,global,1,0.4052703380584717,0.0
805,global,1,0.3502812385559082,0.0
806,global,1,0.3464066982269287,0.0
807,global,1,0.2491610050201416,0.0
808,global,1,0.18387699127197266,0.0
809,global,1,0.4880549907684326,0.0
810,global,1,0.45873117446899414,0.0
811,global,1,0.3548698425292969,0.0
812,global,1,0.4708232879638672,0.0
813,global,1,0.45401525497436523,0.0
814,global,1,0.4572434425354004,0.0
815,global,2,0.4071692228317261,0.08853375911712646
816,global,1,0.45959043502807617,0.0
817,global,2,0.40292906761169434,0.04131579399108887
818,global,2,0.2712620496749878,0.08813178539276123
819,global,1,0.29045653343200684,0.0
820,global,1,0.19883990287780762,0.0
821,global,1,0.35698890686035156,0.0
822,global,1,0.18107104301452637,0.0
823,global,1,0.32006072998046875,0.0
824,global,1,0.25618433952331543,0.0
825,global,2,0.27134227752685547,0.08534693717956543
826,global,1,0.2236032485961914,0.0
827,global,1,0.2572154998779297,0.0
828,global,1,0.24450898170471191,0.0
829,global,2,0.23996126651763916,0.014492630958557129
830,global,3,0.26475723584493,0.009048918486882124
831,global,2,0.346865177154541,0.10773515701293945
832,global,1,0.28427910804748535,0.0
833,global,1,0.2543826103210449,0.0
834,global,1,0.2334139347076416,0.0
835,global,5,0.39406599998474123,0.11870194924780979
836,global,1,0.2509176731109619,0.0
837,global,1,0.2907295227050781,0.0
838,global,1,0.21926593780517578,0.0
839,global,2,0.26342499256134033,0.021634221076965332
840,global,2,0.2970160245895386,0.039878010749816895
841,global,2,0.41359949111938477,0.1151270866394043
842,global,1,0.23238825798034668,0.0
843,global,1,0.24110102653503418,0.0
844,global,1,0.4832465648651123,0.0
845,global,1,0.45263195037841797,0.0
846,global,1,0.4624171257019043,0.0
847,global,1,0.23175382614135742,0.0
848,global,1,0.39150238037109375,0.0
849,global,2,0.2306433916091919,0.0003560781478881836
850,global,1,0.36512279510498047,0.0
851,global,1,0.2360670566558838,0.0
852,global,1,0.2580411434173584,0.0
853,global,1,0.23636794090270996,0.0
854,global,1,0.23168015480041504,0.0
855,global,2,0.23396694660186768,0.0029696226119995117
856,global,1,0.24022507667541504,0.0
857,global,1,0.1753697395324707,0.0
858,global,1,0.2531123161315918,0.0
859,global,2,0.2305070161819458,0.009275078773498535
860,global,1,0.23475027084350586,0.0
861,global,1,0.22963762283325195,0.0
862,global,1,0.2614924907684326,0.0
863,global,1,0.24432706832885742,0.0
864,global,1,0.2348918914794922,0.0
865,global,1,0.19506478309631348,0.0
866,global,2,0.2545342445373535,0.009998321533203125
867,global,2,0.39357829093933105,0.1475837230682373
868,global,1,0.23464512825012207,0.0
869,global,2,0.23722636699676514,0.002034783363342285
870,global,1,0.24122118949890137,0.0
871,global,1,0.45959949493408203,0.0
872,global,1,0.37654566764831543,0.0
873,global,1,0.4679872989654541,0.0
874,global,1,0.37726426124572754,0.0
875,global,2,0.4815784692764282,0.02086031436920166
876,global,1,0.48699188232421875,0.0
877,global,2,0.4651961326599121,0.006922721862792969
878,global,2,0.5281999111175537,0.04984164237976074
879,global,1,0.35096192359924316,0.0
880,global,2,0.3591266870498657,0.0005782842636108398
881,global,1,0.4837667942047119,0.0
882,global,1,0.35889649391174316,0.0
883,global,1,0.47571706771850586,0.0
884,global,1,0.46455931663513184,0.0
885,global,1,0.4038841724395752,0.0
886,global,1,0.35750770568847656,0.0
887,global,1,0.38460350036621094,0.0
888,global,2,0.4990907907485962,0.04110372066497803
889,global,1,0.5623712539672852,0.0
890,global,1,0.3932607173919678,0.0
891,global,3,0.4650522867838542,0.16877989857073608
892,global,1,0.352203369140625,0.0
893,global,1,0.39572739601135254,0.0
894,global,1,0.3581047058105469,0.0
895,global,1,0.4968419075012207,0.0
896,global,2,0.4080698490142822,0.07760858535766602
897,global,1,0.23753023147583008,0.0
898,global,1,0.23589038848876953,0.0
899,global,1,0.2460477352142334,0.0
900,global,1,0.2962760925292969,0.0
901,global,1,0.20161151885986328,0.0
902,global,1,0.24773955345153809,0.0
903,global,1,0.2421112060546875,0.0
904,global,1,0.19176816940307617,0.0
905,global,1,0.27476954460144043,0.0
906,global,1,0.24497008323669434,0.0
907,global,1,0.2344224452972412,0.0
908,global,1,0.23230791091918945,0.0
909,global,1,0.2369985580444336,0.0
910,global,1,0.26115965843200684,0.0
911,global,2,0.2778586149215698,0.08998119831085205
912,global,1,0.26543426513671875,0.0
913,global,1,0.25580835342407227,0.0
914,global,1,0.25905704498291016,0.0
915,global,1,0.25818681716918945,0.0
916,global,2,0.40084242820739746,0.06212115287780762
917,global,1,0.37551116943359375,0.0
918,global,1,0.45781993865966797,0.0
919,global,2,0.4693659543991089,0.007811903953552246
920,global,1,0.5033178329467773,0.0
921,global,1,0.4609847068786621,0.0
922,global,1,0.3731517791748047,0.0
923,global,3,0.5303852558135986,0.0659468178823483
924,global,1,0.46780824661254883,0.0
925,global,1,0.48641371726989746,0.0
926,global,1,0.46800899505615234,0.0
927,global,2,0.48280584812164307,0.008137822151184082
928,global,2,0.48642444610595703,0.016644716262817383
929,global,2,0.3660264015197754,0.004227399826049805
930,global,1,0.362851619720459,0.0
931,global,3,0.48557718594868976,0.015594133995606763
932,global,1,0.46533656120300293,0.0
933,global,1,0.5905928611755371,0.0
934,global,1,0.4891653060913086,0.0
935,global,1,0.4614124298095703,0.0
936,global,1,0.4566323757171631,0.0
937,global,1,0.4587581157684326,0.0
938,global,1,0.5049393177032471,0.0
939,global,2,0.49481189250946045,0.03429973125457764
940,global,2,0.5422097444534302,0.022356390953063965
941,global,1,0.356642484664917,0.0
942,global,1,0.4644279479980469,0.0
943,global,1,0.49961090087890625,0.0
944,global,1,0.48619818687438965,0.0
945,global,1,0.4542839527130127,0.0
946,global,2,0.3836956024169922,0.01229238510131836
947,global,1,0.46147871017456055,0.0
948,global,1,0.5002319812774658,0.0
949,global,1,0.36650919914245605,0.0
950,global,2,0.5235463380813599,0.06831920146942139
951,global,1,0.4502723217010498,0.0
952,global,2,0.3861011266708374,0.017811894416809082
953,global,1,0.3594043254852295,0.0
954,global,1,0.4746420383453369,0.0
955,global,1,0.4674553871154785,0.0
956,global,1,0.4608891010284424,0.0
957,global,1,0.4675917625427246,0.0
958,global,1,0.4736037254333496,0.0
959,global,1,0.35675764083862305,0.0
960,global,1,0.38003969192504883,0.0
961,global,2,0.35689783096313477,0.10959696769714355
962,global,2,0.4916757345199585,0.02334153652191162
963,global,2,0.5583934783935547,0.08015275001525879
964,global,1,0.5046846866607666,0.0
965,global,1,0.44982075691223145,0.0
966,global,1,0.45459842681884766,0.0
967,global,1,0.48729920387268066,0.0
968,global,1,0.46848297119140625,0.0
969,global,1,0.3998847007751465,0.0
970,global,1,0.48408961296081543,0.0
971,global,1,0.365675687789917,0.0
972,global,1,0.5640497207641602,0.0
973,global,3,0.41790978113810223,0.1114685598033818
974,global,1,0.4572317600250244,0.0
975,global,1,0.45484209060668945,0.0
976,global,1,0.3639376163482666,0.0
977,global,1,0.35273027420043945,0.0
978,global,2,0.41003715991973877,0.10052311420440674
979,global,1,0.46993374824523926,0.0
980,global,1,0.46384453773498535,0.0
981,global,1,0.4928112030029297,0.0
982,global,1,0.3585238456726074,0.0
983,global,1,0.47148919105529785,0.0
984,global,1,0.36580562591552734,0.0
985,global,1,0.5833756923675537,0.0
986,global,1,0.4663808345794678,0.0
987,global,1,0.6030187606811523,0.0
988,global,1,0.3593130111694336,0.0
989,global,1,0.46109938621520996,0.0
990,global,2,0.48092174530029297,0.01286172866821289
991,global,1,0.4667985439300537,0.0
992,global,2,0.37929701805114746,0.009669303894042969
993,global,1,0.37075066566467285,0.0
994,global,1,0.46656131744384766,0.0
995,global,1,0.2703878879547119,0.0
996,global,1,0.2605710029602051,0.0
997,global,1,0.18522024154663086,0.0
998,global,3,0.41597167650858563,0.08734633370143692
999,global,1,0.4571874141693115,0.0
1000,global,1,0.4809145927429199,0.0
1001,global,1,0.47371768951416016,0.0
1002,global,4,0.47163915634155273,0.01721255068153713
1003,global,1,0.3964650630950928,0.0
1004,global,2,0.26975250244140625,0.08919954299926758
1005,global,1,0.35815954208374023,0.0
1006,global,2,0.27272844314575195,0.09379434585571289
1007,global,1,0.4700143337249756,0.0
1008,global,1,0.4625101089477539,0.0
1009,global,1,0.5110208988189697,0.0
1010,global,1,0.21377968788146973,0.0
1011,global,1,0.27373838424682617,0.0
1012,global,3,0.3370143572489421,0.1342246942050945
1013,global,1,0.18402791023254395,0.0
1014,global,2,0.28683435916900635,0.05131876468658447
1015,global,1,0.4785783290863037,0.0
1016,global,1,0.38441896438598633,0.0
1017,global,1,0.458160400390625,0.0
1018,global,1,0.3708779811859131,0.0
1019,global,1,0.3017466068267822,0.0
1020,global,1,0.2337508201599121,0.0
1021,global,1,0.1813054084777832,0.0
1022,global,1,0.210158109664917,0.0
1023,global,1,0.17830991744995117,0.0
1024,global,1,0.4011859893798828,0.0
1025,global,1,0.2392597198486328,0.0
1026,global,1,0.21284103393554688,0.0
1027,global,1,0.20558595657348633,0.0
1028,global,2,0.36657631397247314,0.11798679828643799
1029,global,1,0.3927638530731201,0.0
1030,global,1,0.3536336421966553,0.0
1031,global,1,0.35839366912841797,0.0
1032,global,1,0.4677300453186035,0.0
1033,global,1,0.29652833938598633,0.0
1034,global,1,0.2436811923980713,0.0
1035,global,1,0.18113946914672852,0.0
1036,global,1,0.39797377586364746,0.0
1037,global,2,0.39595532417297363,0.006773710250854492
1038,global,2,0.4797769784927368,0.02688300609588623
1039,global,1,0.4573237895965576,0.0
1040,global,1,0.4671905040740967,0.0
1041,global,2,0.5061579942703247,0.020018458366394043
1042,global,1,0.405350923538208,0.0
1043,global,2,0.4698648452758789,0.0045816898345947266
1044,global,2,0.49932861328125,0.02895045280456543
1045,global,2,0.3780273199081421,0.010700821876525879
1046,global,1,0.3639092445373535,0.0
1047,global,1,0.3160545825958252,0.0
1048,global,2,0.37648749351501465,0.13819384574890137
1049,global,1,0.3378927707672119,0.0
1050,global,2,0.3901454210281372,0.015563130378723145
1051,global,1,0.4562394618988037,0.0
1052,global,2,0.3856315612792969,0.011792659759521484
1053,global,1,0.37860965728759766,0.0
1054,global,1,0.4700162410736084,0.0
1055,global,1,0.4604792594909668,0.0
1056,global,2,0.5429039001464844,0.051661014556884766
1057,global,1,0.36322546005249023,0.0
1058,global,1,0.5013158321380615,0.0
1059,global,2,0.47596168518066406,0.005959749221801758
1060,global,1,0.46941280364990234,0.0
1061,global,1,0.4588174819946289,0.0
1062,global,2,0.4790470600128174,0.012357950210571289
1063,global,1,0.3593306541442871,0.0
1064,global,1,0.4613349437713623,0.0
1065,global,1,0.456712007522583,0.0
1066,global,1,0.366349458694458,0.0
1067,global,2,0.36751770973205566,0.10851144790649414
1068,global,1,0.47093915939331055,0.0
1069,global,1,0.4518892765045166,0.0
1070,global,1,0.4973282814025879,0.0
1071,global,1,0.5371148586273193,0.0
1072,global,1,0.35699939727783203,0.0
1073,global,1,0.4668922424316406,0.0
1074,global,1,0.5233755111694336,0.0
1075,global,1,0.4945094585418701,0.0
1076,global,2,0.49571335315704346,0.021555304527282715
1077,global,1,0.365192174911499,0.0
1078,global,1,0.4681265354156494,0.0
1079,global,1,0.46212172508239746,0.0
1080,global,1,0.37889909744262695,0.0
1081,global,1,0.48278164863586426,0.0
1082,global,2,0.4359893798828125,0.04269218444824219
1083,global,2,0.4014226198196411,0.012766242027282715
1084,global,1,0.3645608425140381,0.0
1085,global,1,0.4571387767791748,0.0
1086,global,2,0.36416399478912354,0.0009735822677612305
1087,global,1,0.3591022491455078,0.0
1088,global,1,0.4671354293823242,0.0
1089,global,1,0.2898533344268799,0.0
1090,global,1,0.35887646675109863,0.0
1091,global,1,0.18145060539245605,0.0
1092,global,2,0.5167179107666016,0.05215787887573242
1093,global,2,0.4850271940231323,0.009595990180969238
1094,global,1,0.36733269691467285,0.0
1095,global,1,0.35042667388916016,0.0
1096,global,2,0.36470234394073486,0.0019773244857788086
1097,global,1,0.5036618709564209,0.0
1098,global,3,0.5570463339487711,0.07514027991761084
1099,global,1,0.3621103763580322,0.0
1100,global,2,0.3656805753707886,0.009304165840148926
1101,global,2,0.488156795501709,0.01447606086730957
1102,global,3,0.579142173131307,0.08582717544693984
1103,global,1,0.3682560920715332,0.0
1104,global,1,0.36665987968444824,0.0
1105,global,2,0.4554837942123413,0.045691847801208496
1106,global,1,0.4664437770843506,0.0
1107,global,1,0.49967098236083984,0.0
1108,global,1,0.4670095443725586,0.0
1109,global,3,0.3736080328623454,0.005242640763758685
1110,global,1,0.46262454986572266,0.0
1111,global,2,0.4924898147583008,0.007833242416381836
1112,global,1,0.4713449478149414,0.0
1113,global,1,0.4714925289154053,0.0
1114,global,1,0.46361851692199707,0.0
1115,global,2,0.38543903827667236,0.013496994972229004
1116,global,1,0.49311256408691406,0.0
1117,global,1,0.46189069747924805,0.0
1118,global,1,0.4647700786590576,0.0
1119,global,1,0.4563450813293457,0.0
1120,global,1,0.46828293800354004,0.0
1121,global,1,0.4629201889038086,0.0
1122,global,1,0.46721482276916504,0.0
1123,global,2,0.46701955795288086,0.005608797073364258
1124,global,1,0.5449225902557373,0.0
1125,global,1,0.46404528617858887,0.0
1126,global,1,0.4763779640197754,0.0
1127,global,2,0.37013304233551025,0.005920529365539551
1128,global,2,0.4895225763320923,0.012394070625305176
1129,global,1,0.39461803436279297,0.0
1130,global,1,0.4764549732208252,0.0
1131,global,1,0.4737977981567383,0.0
1132,global,1,0.3590357303619385,0.0
1133,global,1,0.46512532234191895,0.0
1134,global,2,0.511728048324585,0.04692268371582031
1135,global,1,0.3584938049316406,0.0
1136,global,1,0.4607217311859131,0.0
1137,global,1,0.36156797409057617,0.0
1138,global,1,0.5248548984527588,0.0
1139,global,2,0.3754643201828003,0.015470623970031738
1140,global,1,0.5188701152801514,0.0
1141,global,1,0.3636016845703125,0.0
1142,global,1,0.45816636085510254,0.0
1143,global,1,0.36998963356018066,0.0
1144,global,1,0.3918294906616211,0.0
1145,global,2,0.36308979988098145,0.0022363662719726562
1146,global,3,0.49616463979085285,0.021580486913451442
1147,global,1,0.36454176902770996,0.0
1148,global,1,0.38968563079833984,0.0
1149,global,2,0.48622024059295654,0.015339493751525879
1150,global,2,0.4878995418548584,0.0015976428985595703
1151,global,2,0.4858214855194092,0.010628700256347656
1152,global,1,0.38625311851501465,0.0
1153,global,2,0.4755208492279053,0.013394594192504883
1154,global,1,0.3591935634613037,0.0
1155,global,1,0.46805500984191895,0.0
1156,global,1,0.5275001525878906,0.0
1157,global,1,0.5000860691070557,0.0
1158,global,1,0.35907554626464844,0.0
1159,global,1,0.4707775115966797,0.0
1160,global,1,0.4745018482208252,0.0
1161,global,1,0.36118388175964355,0.0
1162,global,1,0.5131931304931641,0.0
1163,global,1,0.47286081314086914,0.0
1164,global,2,0.4720146656036377,0.002946615219116211
1165,global,1,0.375568151473999,0.0
1166,global,1,0.3586587905883789,0.0
1167,global,1,0.4974069595336914,0.0
1168,global,1,0.4640507698059082,0.0
1169,global,1,0.47789573669433594,0.0
1170,global,1,0.4694530963897705,0.0
1171,global,1,0.5783135890960693,0.0
1172,global,2,0.48272931575775146,0.013538718223571777
1173,global,2,0.48083817958831787,0.007681488990783691
1174,global,2,0.503036379814148,0.035187602043151855
1175,global,1,0.4592728614807129,0.0
1176,global,1,0.4940648078918457,0.0
1177,global,2,0.35170412063598633,0.11640310287475586
1178,global,1,0.4678041934967041,0.0
1179,global,2,0.47861480712890625,0.004058122634887695
1180,global,1,0.37901735305786133,0.0
1181,global,1,0.4653801918029785,0.0
1182,global,1,0.366260290145874,0.0
1183,global,2,0.49121975898742676,0.011990785598754883
1184,global,1,0.460282564163208,0.0
1185,global,2,0.35957300662994385,0.11727988719940186
1186,global,3,0.42887059847513836,0.09242853596274747
1187,global,1,0.5825448036193848,0.0
1188,global,1,0.4695413112640381,0.0
1189,global,2,0.3672252893447876,0.12370002269744873
1190,global,1,0.5311555862426758,0.0
1191,global,3,0.38260912895202637,0.0531336948411809
1192,global,1,0.23415064811706543,0.0
1193,global,1,0.2669944763183594,0.0
1194,global,1,0.2715024948120117,0.0
1195,global,2,0.3424811363220215,0.0966184139251709
1196,global,1,0.24709320068359375,0.0
1197,global,1,0.2510089874267578,0.0
1198,global,1,0.20986104011535645,0.0
1199,global,1,0.2710859775543213,0.0
1200,global,1,0.3507988452911377,0.0
1201,global,2,0.4781719446182251,0.00203096866607666
1202,global,2,0.49820947647094727,0.03555655479431152
1203,global,2,0.4047069549560547,0.1406877040863037
1204,global,2,0.3574942350387573,0.12038815021514893
1205,global,1,0.18586945533752441,0.0
1206,global,1,0.17986726760864258,0.0
1207,global,1,0.23798179626464844,0.0
1208,global,1,0.26687073707580566,0.0
1209,global,1,0.23458647727966309,0.0
1210,global,2,0.41868865489959717,0.06158125400543213
1211,global,1,0.36658382415771484,0.0
1212,global,1,0.3841979503631592,0.0
1213,global,1,0.4849553108215332,0.0
1214,global,1,0.43759584426879883,0.0
1215,global,1,0.35880279541015625,0.0
1216,global,1,0.3977391719818115,0.0
1217,global,1,0.3651919364929199,0.0
1218,global,2,0.5108883380889893,0.04650259017944336
1219,global,1,0.45841526985168457,0.0
1220,global,1,0.46507883071899414,0.0
1221,global,1,0.4143495559692383,0.0
1222,global,1,0.46486520767211914,0.0
1223,global,1,0.4727921485900879,0.0
1224,global,1,0.4625875949859619,0.0
1225,global,2,0.5721092224121094,0.061710357666015625
1226,global,1,0.3583087921142578,0.0
1227,global,1,0.4701509475708008,0.0
1228,global,1,0.36440038681030273,0.0
1229,global,1,0.47963404655456543,0.0
1230,global,1,0.4801161289215088,0.0
1231,global,1,0.4692575931549072,0.0
1232,global,1,0.47010087966918945,0.0
1233,global,1,0.3828318119049072,0.0
1234,global,2,0.5128068923950195,0.003679037094116211
1235,global,1,0.4657716751098633,0.0
1236,global,1,0.35652947425842285,0.0
1237,global,1,0.5454971790313721,0.0
1238,global,1,0.3624594211578369,0.0
1239,global,1,0.4690821170806885,0.0
1240,global,1,0.37034177780151367,0.0
1241,global,1,0.47081971168518066,0.0
1242,global,1,0.5012960433959961,0.0
1243,global,1,0.4733734130859375,0.0
1244,global,1,0.35500097274780273,0.0
1245,global,1,0.47302889823913574,0.0
1246,global,2,0.47580933570861816,0.00843048095703125
1247,global,1,0.3765559196472168,0.0
1248,global,1,0.4805426597595215,0.0
1249,global,1,0.4048304557800293,0.0
1250,global,3,0.5061202049255371,0.033977306914955444
1251,global,1,0.2429828643798828,0.0
1252,global,1,0.23539972305297852,0.0
1253,global,1,0.3794710636138916,0.0
1254,global,1,0.48714494705200195,0.0
1255,global,2,0.3792579174041748,0.020838499069213867
1256,global,1,0.4810042381286621,0.0
1257,global,1,0.4942593574523926,0.0
1258,global,2,0.413796067237854,0.05119121074676514
1259,global,2,0.37506234645843506,0.005845189094543457
1260,global,1,0.3574342727661133,0.0
1261,global,1,0.37502384185791016,0.0
1262,global,1,0.46401309967041016,0.0
1263,global,1,0.4793212413787842,0.0
1264,global,3,0.38890687624613446,0.0250060909092932
1265,global,1,0.3689894676208496,0.0
1266,global,1,0.3642728328704834,0.0
1267,global,1,0.4847147464752197,0.0
1268,global,1,0.37058162689208984,0.0
1269,global,1,0.39769887924194336,0.0
1270,global,1,0.4857511520385742,0.0
1271,global,2,0.5485841035842896,0.02125680446624756
1272,global,1,0.37496137619018555,0.0
1273,global,2,0.3889518976211548,0.0039376020431518555
1274,global,1,0.3710751533508301,0.0
1275,global,3,0.5019473234812418,0.013150019807193323
1276,global,1,0.46371960639953613,0.0
1277,global,2,0.3853665590286255,0.01701176166534424
1278,global,1,0.4756803512573242,0.0
1279,global,1,0.40435290336608887,0.0
1280,global,1,0.4973914623260498,0.0
1281,global,1,0.4677460193634033,0.0
1282,global,2,0.5035302639007568,0.019483089447021484
1283,global,1,0.3729267120361328,0.0
1284,global,1,0.36086058616638184,0.0
1285,global,1,0.5191764831542969,0.0
1286,global,2,0.4841107130050659,0.012175917625427246
1287,global,3,0.5103687445322672,0.023310067001639716
1288,global,1,0.4707152843475342,0.0
1289,global,1,0.4965384006500244,0.0
1290,global,1,0.39699840545654297,0.0
1291,global,1,0.4804725646972656,0.0
1292,global,2,0.2779632806777954,0.09343492984771729
1293,global,3,0.40459950764973956,0.024133070221433794
1294,global,1,0.3847508430480957,0.0
1295,global,1,0.5146219730377197,0.0
1296,global,1,0.4726288318634033,0.0
1297,global,1,0.47238898277282715,0.0
1298,global,1,0.3692343235015869,0.0
1299,global,1,0.48592376708984375,0.0
1300,global,1,0.39739370346069336,0.0
1301,global,1,0.36252927780151367,0.0
1302,global,1,0.4732189178466797,0.0
1303,global,1,0.46357131004333496,0.0
1304,global,1,0.3780550956726074,0.0
1305,global,1,0.5056581497192383,0.0
1306,global,1,0.35997962951660156,0.0
1307,global,1,0.5029609203338623,0.0
1308,global,2,0.3626190423965454,0.0020951032638549805
1309,global,1,0.4599428176879883,0.0
1310,global,1,0.4917488098144531,0.0
1311,global,1,0.4913957118988037,0.0
1312,global,1,0.3923952579498291,0.0
1313,global,3,0.43053778012593585,0.10695656760351459
1314,global,1,0.258333683013916,0.0
1315,global,1,0.3536341190338135,0.0
1316,global,1,0.5333666801452637,0.0
1317,global,2,0.5215071439743042,0.04248249530792236
1318,global,2,0.3689800500869751,0.01059877872467041
1319,global,1,0.5598132610321045,0.0
1320,global,2,0.47783398628234863,0.008427143096923828
1321,global,1,0.47806358337402344,0.0
1322,global,1,0.46526527404785156,0.0
1323,global,2,0.4802725315093994,0.008630990982055664
1324,global,1,0.4785451889038086,0.0
1325,global,2,0.4795644283294678,0.007514476776123047
1326,global,3,0.5320989290873209,0.05491639501482172
1327,global,1,0.4776177406311035,0.0
1328,global,1,0.4653739929199219,0.0
1329,global,1,0.3528275489807129,0.0
1330,global,3,0.5409729480743408,0.04094069674628811
1331,global,1,0.3904242515563965,0.0
1332,global,1,0.4799220561981201,0.0
1333,global,1,0.4827849864959717,0.0
1334,global,1,0.477128267288208,0.0
1335,global,1,0.49034619331359863,0.0
1336,global,1,0.48697447776794434,0.0
1337,global,1,0.46831297874450684,0.0
1338,global,1,0.5080668926239014,0.0
1339,global,2,0.4785548448562622,0.0016182661056518555
1340,global,1,0.4047064781188965,0.0
1341,global,1,0.48003458976745605,0.0
1342,global,1,0.48790597915649414,0.0
1343,global,1,0.6120059490203857,0.0
1344,global,1,0.4705085754394531,0.0
1345,global,1,0.47350335121154785,0.0
1346,global,3,0.4703960418701172,0.15909555087575505
1347,global,1,0.3681764602661133,0.0
1348,global,2,0.5252965688705444,0.004423260688781738
1349,global,2,0.37335991859436035,0.005269527435302734
1350,global,2,0.4816054105758667,0.005428671836853027
1351,global,1,0.476428747177124,0.0
1352,global,2,0.5006189346313477,0.02041792869567871
1353,global,2,0.39598047733306885,0.0039006471633911133
1354,global,3,0.5429066816965739,0.04412182912592155
1355,global,1,0.47163891792297363,0.0
1356,global,1,0.38015317916870117,0.0
1357,global,2,0.4760773181915283,0.0024793148040771484
1358,global,1,0.5032896995544434,0.0
1359,global,2,0.5005009174346924,0.01275777816772461
1360,global,1,0.3607926368713379,0.0
1361,global,1,0.49062323570251465,0.0
1362,global,3,0.414230744043986,0.04681754322810618
1363,global,1,0.47305917739868164,0.0
1364,global,1,0.4656980037689209,0.0
1365,global,1,0.5277163982391357,0.0
1366,global,2,0.3777883052825928,0.005248308181762695
1367,global,1,0.4784722328186035,0.0
1368,global,3,0.3914824326833089,0.011707825943995885
1369,global,1,0.3708457946777344,0.0
1370,global,1,0.46746182441711426,0.0
1371,global,1,0.46837496757507324,0.0
1372,global,3,0.5304085413614908,0.050723361384151386
1373,global,1,0.511603593826294,0.0
1374,global,2,0.4874536991119385,0.011698246002197266
1375,global,1,0.3746936321258545,0.0
1376,global,2,0.48972487449645996,0.007525444030761719
1377,global,2,0.5007950067520142,0.002972245216369629
1378,global,2,0.508814811706543,0.016154050827026367
1379,global,1,0.36398768424987793,0.0
1380,global,1,0.5166299343109131,0.0
1381,global,1,0.5111129283905029,0.0
1382,global,2,0.4939366579055786,0.01834237575531006
1383,global,3,0.4362796942392985,0.13416580255075128
1384,global,1,0.477367639541626,0.0
1385,global,2,0.49405765533447266,0.010900020599365234
1386,global,2,0.38790392875671387,0.0039217472076416016
1387,global,1,0.4754927158355713,0.0
1388,global,3,0.3160208861033122,0.09141132750607942
1389,global,1,0.5071139335632324,0.0
1390,global,2,0.4780540466308594,0.0009586811065673828
1391,global,1,0.4802670478820801,0.0
1392,global,1,0.47545504570007324,0.0
1393,global,1,0.4993093013763428,0.0
1394,global,1,0.47625732421875,0.0
1395,global,1,0.40492844581604004,0.0
1396,global,1,0.48113298416137695,0.0
1397,global,1,0.3610522747039795,0.0
1398,global,1,0.4714949131011963,0.0
1399,global,1,0.515143871307373,0.0
1400,global,1,0.37589287757873535,0.0
1401,global,1,0.5580570697784424,0.0
1402,global,1,0.47908711433410645,0.0
1403,global,3,0.4097653230031331,0.09697000195929825
1404,global,2,0.4738515615463257,0.000943303108215332
1405,global,1,0.4862842559814453,0.0
1406,global,1,0.4740173816680908,0.0
1407,global,1,0.36687278747558594,0.0
1408,global,2,0.49267470836639404,0.019177794456481934
1409,global,2,0.3008002042770386,0.07592785358428955
1410,global,2,0.47546374797821045,0.004051327705383301
1411,global,2,0.3846820592880249,0.09135305881500244
1412,global,1,0.4816243648529053,0.0
1413,global,1,0.5088756084442139,0.0
1414,global,2,0.48201727867126465,0.011593818664550781
1415,global,1,0.4678473472595215,0.0
1416,global,2,0.31577372550964355,0.08445215225219727
1417,global,1,0.36206936836242676,0.0
1418,global,1,0.3634059429168701,0.0
1419,global,2,0.2868540287017822,0.09747862815856934
1420,global,2,0.5003490447998047,7.605552673339844e-05
1421,global,2,0.5102894306182861,0.011044740676879883
1422,global,1,0.3641343116760254,0.0
1423,global,1,0.37824010848999023,0.0
1424,global,1,0.5049879550933838,0.0
1425,global,2,0.2751169204711914,0.08937883377075195
1426,global,4,0.47535908222198486,0.14432669259524702
1427,global,1,0.18830013275146484,0.0
1428,global,2,0.28397881984710693,0.03079092502593994
1429,global,2,0.2038123607635498,0.020585060119628906
1430,global,3,0.31453482309977215,0.08979583024554576
1431,global,1,0.26927709579467773,0.0
1432,global,1,0.18159222602844238,0.0
1433,global,1,0.23863601684570312,0.0
1434,global,1,0.2336890697479248,0.0
1435,global,1,0.23622369766235352,0.0
1436,global,1,0.24579238891601562,0.0
1437,global,1,0.2653472423553467,0.0
1438,global,1,0.2753164768218994,0.0
1439,global,1,0.3955972194671631,0.0
1440,global,1,0.26880860328674316,0.0
1441,global,3,0.5051254431406657,0.09145570915396929
1442,global,1,0.48188042640686035,0.0
1443,global,1,0.24271130561828613,0.0
1444,global,1,0.267728328704834,0.0
1445,global,1,0.1927025318145752,0.0
1446,global,2,0.37719202041625977,0.12905454635620117
1447,global,1,0.24642634391784668,0.0
1448,global,1,0.2111372947692871,0.0
1449,global,1,0.18857479095458984,0.0
1450,global,2,0.27533674240112305,0.08773350715637207
1451,global,2,0.36163008213043213,0.11043012142181396
1452,global,1,0.3678276538848877,0.0
1453,global,1,0.48108530044555664,0.0
1454,global,1,0.5243175029754639,0.0
1455,global,1,0.37422800064086914,0.0
1456,global,2,0.48022162914276123,0.0015944242477416992
1457,global,2,0.5247632265090942,0.03704822063446045
1458,global,1,0.38457465171813965,0.0
1459,global,1,0.3789680004119873,0.0
1460,global,1,0.5297629833221436,0.0
1461,global,1,0.4723083972930908,0.0
1462,global,4,0.5005325078964233,0.015501141148448581
1463,global,1,0.47121524810791016,0.0
1464,global,2,0.5272778272628784,0.03204238414764404
1465,global,1,0.47397589683532715,0.0
1466,global,1,0.5198216438293457,0.0
1467,global,1,0.468808650970459,0.0
1468,global,2,0.5310814380645752,0.0011417865753173828
1469,global,1,0.5703840255737305,0.0
1470,global,2,0.3942553997039795,0.018929004669189453
1471,global,1,0.5513036251068115,0.0
1472,global,2,0.3696630001068115,0.01005697250366211
1473,global,1,0.5236897468566895,0.0
1474,global,1,0.35584139823913574,0.0
1475,global,1,0.4711780548095703,0.0
1476,global,1,0.5297133922576904,0.0
1477,global,1,0.37940001487731934,0.0
1478,global,1,0.47641491889953613,0.0
1479,global,1,0.42070770263671875,0.0
1480,global,1,0.3703005313873291,0.0
1481,global,2,0.49893367290496826,0.02189314365386963
1482,global,1,0.47507762908935547,0.0
1483,global,1,0.4987344741821289,0.0
1484,global,1,0.40505027770996094,0.0
1485,global,1,0.47226810455322266,0.0
1486,global,1,0.4691445827484131,0.0
1487,global,2,0.5137174129486084,0.032462120056152344
1488,global,1,0.38241076469421387,0.0
1489,global,1,0.4253108501434326,0.0
1490,global,1,0.49153685569763184,0.0
1491,global,1,0.4761478900909424,0.0
1492,global,3,0.43901586532592773,0.08722684170876947
1493,global,1,0.47740983963012695,0.0
1494,global,1,0.4781944751739502,0.0
1495,global,1,0.4693937301635742,0.0
1496,global,1,0.369518518447876,0.0
1497,global,1,0.48437047004699707,0.0
1498,global,1,0.40872979164123535,0.0
1499,global,1,0.36778998374938965,0.0
1500,global,1,0.4834127426147461,0.0
1501,global,2,0.4767836332321167,0.0013068914413452148
1502,global,1,0.4864974021911621,0.0
1503,global,2,0.38959598541259766,0.013526201248168945
1504,global,1,0.35991358757019043,0.0
1505,global,2,0.32069826126098633,0.1358492374420166
1506,global,2,0.30387747287750244,0.0936506986618042
1507,global,1,0.23527026176452637,0.0
1508,global,2,0.39585232734680176,0.1302661895751953
1509,global,2,0.3278146982192993,0.041325926780700684
1510,global,2,0.4969102144241333,0.009017109870910645
1511,global,1,0.4920940399169922,0.0
1512,global,1,0.1846611499786377,0.0
1513,global,1,0.5181794166564941,0.0
1514,global,3,0.5080351034800211,0.009187684679500733
1515,global,1,0.48351335525512695,0.0
1516,global,1,0.3716118335723877,0.0
1517,global,1,0.4996778964996338,0.0
1518,global,1,0.3611133098602295,0.0
1519,global,2,0.5514959096908569,0.0094834566116333
1520,global,1,0.37156105041503906,0.0
1521,global,1,0.36354827880859375,0.0
1522,global,1,0.3774101734161377,0.0
1523,global,2,0.3994417190551758,0.027248144149780273
1524,global,1,0.379284143447876,0.0
1525,global,3,0.37552905082702637,0.1588402666166255
1526,global,1,0.47606563568115234,0.0
1527,global,1,0.3683278560638428,0.0
1528,global,2,0.3285367488861084,0.049738407135009766
1529,global,1,0.48305821418762207,0.0
1530,global,3,0.5229786237080892,0.011211573126951209
1531,global,1,0.37697672843933105,0.0
1532,global,2,0.511527419090271,0.015118718147277832
1533,global,1,0.4927544593811035,0.0
1534,global,1,0.5142157077789307,0.0
1535,global,1,0.3819746971130371,0.0
1536,global,1,0.5566551685333252,0.0
1537,global,2,0.5014535188674927,0.014970660209655762
1538,global,1,0.4874563217163086,0.0
1539,global,1,0.48666954040527344,0.0
1540,global,1,0.3746967315673828,0.0
1541,global,2,0.5246384143829346,0.03631591796875
1542,global,3,0.5046364466349283,0.006312321628631951
1543,global,1,0.48174095153808594,0.0
1544,global,1,0.3667163848876953,0.0
1545,global,2,0.4081631898880005,0.0305403470993042
1546,global,2,0.4947226047515869,0.024982690811157227
1547,global,1,0.36643171310424805,0.0
1548,global,1,0.37775254249572754,0.0
1549,global,1,0.4810042381286621,0.0
1550,global,1,0.5496094226837158,0.0
1551,global,1,0.46611881256103516,0.0
1552,global,1,0.4829585552215576,0.0
1553,global,3,0.5098288853963217,0.033952791517966305
1554,global,1,0.5106842517852783,0.0
1555,global,1,0.4775393009185791,0.0
1556,global,1,0.3607785701751709,0.0
1557,global,2,0.48566949367523193,0.00744473934173584
1558,global,4,0.5139394998550415,0.03056236145766088
1559,global,1,0.36902713775634766,0.0
1560,global,1,0.5157976150512695,0.0
1561,global,1,0.4787561893463135,0.0
1562,global,1,0.3619840145111084,0.0
1563,global,1,0.4886946678161621,0.0
1564,global,3,0.377147118250529,0.014367858180176737
1565,global,1,0.4767332077026367,0.0
1566,global,1,0.35939836502075195,0.0
1567,global,1,0.47408056259155273,0.0
1568,global,1,0.36181187629699707,0.0
1569,global,1,0.6358439922332764,0.0
1570,global,1,0.4894731044769287,0.0
1571,global,2,0.5066081285476685,0.022344231605529785
1572,global,1,0.37810707092285156,0.0
1573,global,1,0.3635127544403076,0.0
1574,global,1,0.4764389991760254,0.0
1575,global,1,0.563079833984375,0.0
1576,global,2,0.3809807300567627,0.1343536376953125
1577,global,2,0.3807603120803833,0.010818123817443848
1578,global,1,0.36846065521240234,0.0
1579,global,1,0.36768007278442383,0.0
1580,global,2,0.3993903398513794,0.08122003078460693
1581,global,1,0.5254778861999512,0.0
1582,global,1,0.49570369720458984,0.0
1583,global,1,0.3750615119934082,0.0
1584,global,1,0.4794504642486572,0.0
1585,global,1,0.4721698760986328,0.0
1586,global,1,0.4753084182739258,0.0
1587,global,1,0.5254716873168945,0.0
1588,global,2,0.47459709644317627,0.000809788703918457
1589,global,1,0.38602614402770996,0.0
1590,global,2,0.3664283752441406,0.12859392166137695
1591,global,3,0.5041537284851074,0.011682646275398105
1592,global,1,0.5120010375976562,0.0
1593,global,1,0.3969252109527588,0.0
1594,global,1,0.3476996421813965,0.0
1595,global,1,0.4424171447753906,0.0
1596,global,1,0.4831812381744385,0.0
1597,global,1,0.40790414810180664,0.0
1598,global,2,0.37571609020233154,0.0044661760330200195
1599,global,1,0.5342450141906738,0.0
1600,global,1,0.4738633632659912,0.0
1601,global,2,0.37635481357574463,0.10107433795928955
1602,global,1,0.36982202529907227,0.0
1603,global,1,0.40070295333862305,0.0
1604,global,2,0.4821368455886841,0.00689542293548584
1605,global,1,0.4896562099456787,0.0
1606,global,1,0.5439572334289551,0.0
1607,global,2,0.34746336936950684,0.02603006362915039
1608,global,1,0.47989344596862793,0.0
1609,global,1,0.48296308517456055,0.0
1610,global,1,0.48361706733703613,0.0
1611,global,1,0.48810529708862305,0.0
1612,global,1,0.5186319351196289,0.0
1613,global,1,0.4927093982696533,0.0
1614,global,1,0.3601992130279541,0.0
1615,global,1,0.5099470615386963,0.0
1616,global,1,0.5164473056793213,0.0
1617,global,2,0.369590163230896,0.13126695156097412
1618,global,1,0.4792671203613281,0.0
1619,global,1,0.36792969703674316,0.0
1620,global,1,0.4529001712799072,0.0
1621,global,1,0.39583277702331543,0.0
1622,global,1,0.18751955032348633,0.0
1623,global,2,0.39725375175476074,0.09782958030700684
1624,global,3,0.3391573429107666,0.11425560119311186
1625,global,1,0.2677803039550781,0.0
1626,global,1,0.24129557609558105,0.0
1627,global,2,0.36907947063446045,0.12870562076568604
1628,global,1,0.26456117630004883,0.0
1629,global,1,0.19028639793395996,0.0
1630,global,1,0.18996500968933105,0.0
1631,global,1,0.2452239990234375,0.0
1632,global,3,0.33147207895914715,0.10845357052130236
1633,global,2,0.3866978883743286,0.12061417102813721
1634,global,2,0.43391358852386475,0.14491331577301025
1635,global,2,0.3608417510986328,0.11646533012390137
1636,global,2,0.45068955421447754,0.06141519546508789
1637,global,1,0.5173599720001221,0.0
1638,global,2,0.5383721590042114,0.009353280067443848
1639,global,1,0.5142769813537598,0.0
1640,global,1,0.47691965103149414,0.0
1641,global,2,0.5378259420394897,0.0059844255447387695
1642,global,1,0.4816262722015381,0.0
1643,global,1,0.5184085369110107,0.0
1644,global,1,0.4727060794830322,0.0
1645,global,1,0.38356828689575195,0.0
1646,global,1,0.36395978927612305,0.0
1647,global,1,0.49080681800842285,0.0
1648,global,1,0.48406243324279785,0.0
1649,global,1,0.46428561210632324,0.0
1650,global,2,0.530448317527771,0.013943076133728027
1651,global,1,0.4857046604156494,0.0
1652,global,1,0.36415600776672363,0.0
1653,global,1,0.36655759811401367,0.0
1654,global,2,0.5065478086471558,0.00621950626373291
1655,global,2,0.4970196485519409,0.023299813270568848
1656,global,1,0.48766016960144043,0.0
1657,global,1,0.4794447422027588,0.0
1658,global,1,0.3798966407775879,0.0
1659,global,1,0.4659152030944824,0.0
1660,global,1,0.3767426013946533,0.0
1661,global,1,0.4858248233795166,0.0
1662,global,1,0.48457813262939453,0.0
1663,global,1,0.5236835479736328,0.0
1664,global,1,0.4156780242919922,0.0
1665,global,1,0.48502349853515625,0.0
1666,global,1,0.5722553730010986,0.0
1667,global,1,0.49195194244384766,0.0
1668,global,1,0.4803652763366699,0.0
1669,global,1,0.47716450691223145,0.0
1670,global,1,0.47101902961730957,0.0
1671,global,1,0.4760153293609619,0.0
1672,global,1,0.3674037456512451,0.0
1673,global,1,0.4252917766571045,0.0
1674,global,2,0.48417866230010986,0.006158232688903809
1675,global,1,0.47539234161376953,0.0
1676,global,1,0.3838992118835449,0.0
1677,global,1,0.48088765144348145,0.0
1678,global,2,0.482105016708374,0.005808115005493164
1679,global,2,0.37944459915161133,0.003283262252807617
1680,global,3,0.49137377738952637,0.009302182921311873
1681,global,2,0.39310145378112793,0.010501861572265625
1682,global,2,0.4577064514160156,0.041155099868774414
1683,global,2,0.5341538190841675,0.04481685161590576
1684,global,1,0.3612391948699951,0.0
1685,global,1,0.47763776779174805,0.0
1686,global,1,0.4899404048919678,0.0
1687,global,1,0.36623501777648926,0.0
1688,global,2,0.3790457248687744,0.012209177017211914
1689,global,1,0.4746370315551758,0.0
1690,global,1,0.4786720275878906,0.0
1691,global,3,0.3209678332010905,0.07381989909236282
1692,global,1,0.4734835624694824,0.0
1693,global,1,0.3683812618255615,0.0
1694,global,1,0.48006653785705566,0.0
1695,global,1,0.4685649871826172,0.0
1696,global,1,0.524193525314331,0.0
1697,global,1,0.5149343013763428,0.0
1698,global,1,0.4846303462982178,0.0
1699,global,1,0.4731771945953369,0.0
1700,global,1,0.364926815032959,0.0
1701,global,1,0.5365638732910156,0.0
1702,global,1,0.740609884262085,0.0
1703,global,1,0.4818305969238281,0.0
1704,global,1,0.372178316116333,0.0
1705,global,2,0.3656817674636841,0.12360084056854248
1706,global,1,0.3977515697479248,0.0
1707,global,1,0.4762864112854004,0.0
1708,global,1,0.47383856773376465,0.0
1709,global,1,0.4855844974517822,0.0
1710,global,1,0.3711535930633545,0.0
1711,global,1,0.48601794242858887,0.0
1712,global,2,0.5279518365859985,0.03688919544219971
1713,global,2,0.43149566650390625,0.061570167541503906
1714,global,1,0.400592565536499,0.0
1715,global,1,0.4855213165283203,0.0
1716,global,1,0.4855663776397705,0.0
1717,global,2,0.2883695363998413,0.08080708980560303
1718,global,1,0.49474239349365234,0.0
1719,global,1,0.486539363861084,0.0
1720,global,1,0.5225625038146973,0.0
1721,global,2,0.285123348236084,0.08850264549255371
1722,global,1,0.3676631450653076,0.0
1723,global,2,0.3507263660430908,0.0791161060333252
1724,global,1,0.18899321556091309,0.0
1725,global,1,0.18522071838378906,0.0
1726,global,1,0.18715596199035645,0.0
1727,global,1,0.2465524673461914,0.0
1728,global,1,0.24190640449523926,0.0
1729,global,1,0.2401881217956543,0.0
1730,global,1,0.2397150993347168,0.0
1731,global,1,0.21965789794921875,0.0
1732,global,1,0.19141268730163574,0.0
1733,global,1,0.18892955780029297,0.0
1734,global,1,0.18239188194274902,0.0
1735,global,1,0.2015371322631836,0.0
1736,global,1,0.5132009983062744,0.0
1737,global,1,0.3775489330291748,0.0
1738,global,1,0.49209165573120117,0.0
1739,global,2,0.35689663887023926,0.11689043045043945
1740,global,1,0.48653411865234375,0.0
1741,global,1,0.6962077617645264,0.0
1742,global,1,0.36309289932250977,0.0
1743,global,1,0.48137712478637695,0.0
1744,global,1,0.4972696304321289,0.0
1745,global,1,0.4353048801422119,0.0
1746,global,2,0.26868414878845215,0.08163189888000488
1747,global,1,0.244673490524292,0.0
1748,global,1,0.24331307411193848,0.0
1749,global,1,0.25376081466674805,0.0
1750,global,1,0.27191686630249023,0.0
1751,global,3,0.38410035769144696,0.09216061655181601
1752,global,1,0.38469743728637695,0.0
1753,global,1,0.2724266052246094,0.0
1754,global,1,0.24239397048950195,0.0
1755,global,2,0.2460113763809204,0.00473177433013916
1756,global,1,0.26570582389831543,0.0
1757,global,1,0.19515466690063477,0.0
1758,global,1,0.1874079704284668,0.0
1759,global,3,0.3286739985148112,0.09546017027996397
1760,global,2,0.3844640254974365,0.1388099193572998
1761,global,1,0.21425461769104004,0.0
1762,global,1,0.5194957256317139,0.0
1763,global,1,0.5003092288970947,0.0
1764,global,2,0.3397718667984009,0.027010321617126465
1765,global,1,0.24442172050476074,0.0
1766,global,1,0.24088454246520996,0.0
1767,global,1,0.2747657299041748,0.0
1768,global,3,0.33469295501708984,0.13362986307442115
1769,global,1,0.4730489253997803,0.0
1770,global,1,0.47996997833251953,0.0
1771,global,2,0.37541282176971436,0.1331387758255005
1772,global,1,0.6180872917175293,0.0
1773,global,1,0.25739526748657227,0.0
1774,global,1,0.24171209335327148,0.0
1775,global,1,0.23864293098449707,0.0
1776,global,1,0.19175314903259277,0.0
1777,global,1,0.24468207359313965,0.0
1778,global,1,0.25427937507629395,0.0
1779,global,1,0.24573063850402832,0.0
1780,global,1,0.19219374656677246,0.0
1781,global,1,0.28435564041137695,0.0
1782,global,3,0.27704596519470215,0.02456392124175949
1783,global,1,0.25882768630981445,0.0
1784,global,1,0.24377703666687012,0.0
1785,global,2,0.2443314790725708,0.0008150339126586914
1786,global,2,0.36125171184539795,0.11209619045257568
1787,global,1,0.48250794410705566,0.0
1788,global,1,0.48262619972229004,0.0
1789,global,1,0.2808835506439209,0.0
1790,global,3,0.39035868644714355,0.10275446869428785
1791,global,1,0.37525320053100586,0.0
1792,global,1,0.3619222640991211,0.0
1793,global,1,0.39748620986938477,0.0
1794,global,1,0.4910404682159424,0.0
1795,global,1,0.4368424415588379,0.0
1796,global,1,0.47392702102661133,0.0
1797,global,1,0.4763495922088623,0.0
1798,global,1,0.47661280632019043,0.0
1799,global,1,0.24353480339050293,0.0
1800,global,1,0.2821028232574463,0.0
1801,global,1,0.2043454647064209,0.0
1802,global,1,0.47304487228393555,0.0
1803,global,1,0.5284423828125,0.0
1804,global,1,0.48186373710632324,0.0
1805,global,1,0.39395666122436523,0.0
1806,global,1,0.37718653678894043,0.0
1807,global,1,0.3576056957244873,0.0
1808,global,2,0.2978118658065796,0.10383808612823486
1809,global,1,0.5141348838806152,0.0
1810,global,1,0.38556504249572754,0.0
1811,global,1,0.3682117462158203,0.0
1812,global,1,0.3752715587615967,0.0
1813,global,1,0.5110485553741455,0.0
1814,global,1,0.48955869674682617,0.0
1815,global,1,0.5594892501831055,0.0
1816,global,1,0.5258588790893555,0.0
1817,global,1,0.38366198539733887,0.0
1818,global,1,0.379833459854126,0.0
1819,global,2,0.27996182441711426,0.0853433609008789
1820,global,1,0.36905360221862793,0.0
1821,global,1,0.5327057838439941,0.0
1822,global,1,0.30292558670043945,0.0
1823,global,1,0.25951600074768066,0.0
1824,global,2,0.37729549407958984,0.13312530517578125
1825,global,2,0.18572890758514404,0.0033141374588012695
1826,global,1,0.19299769401550293,0.0
1827,global,1,0.26105189323425293,0.0
1828,global,1,0.30176782608032227,0.0
1829,global,1,0.25191354751586914,0.0
1830,global,1,0.24234557151794434,0.0
1831,global,1,0.18692588806152344,0.0
1832,global,1,0.32416510581970215,0.0
1833,global,1,0.19287443161010742,0.0
1834,global,1,0.24654865264892578,0.0
1835,global,1,0.2519547939300537,0.0
1836,global,1,0.24654412269592285,0.0
1837,global,1,0.2588167190551758,0.0
1838,global,1,0.2729945182800293,0.0
1839,global,1,0.24914908409118652,0.0
1840,global,1,0.27605772018432617,0.0
1841,global,1,0.41552066802978516,0.0
1842,global,2,0.5213065147399902,0.03545665740966797
1843,global,1,0.48964905738830566,0.0
1844,global,1,0.37448620796203613,0.0
1845,global,1,0.4960353374481201,0.0
1846,global,1,0.4828920364379883,0.0
1847,global,1,0.3751058578491211,0.0
1848,global,1,0.5115792751312256,0.0
1849,global,1,0.49324822425842285,0.0
1850,global,3,0.48365147908528644,0.009535251322594918
1851,global,2,0.4983099699020386,0.0023328065872192383
1852,global,1,0.3814268112182617,0.0
1853,global,1,0.48653149604797363,0.0
1854,global,1,0.5271024703979492,0.0
1855,global,1,0.48088788986206055,0.0
1856,global,1,0.4822835922241211,0.0
1857,global,2,0.3780214786529541,0.0014071464538574219
1858,global,1,0.3961341381072998,0.0
1859,global,1,0.553642749786377,0.0
1860,global,1,0.5290193557739258,0.0
1861,global,2,0.49567484855651855,0.007166147232055664
1862,global,1,0.4781475067138672,0.0
1863,global,1,0.49441981315612793,0.0
1864,global,1,0.5164153575897217,0.0
1865,global,2,0.37840449810028076,0.0034581422805786133
1866,global,2,0.4051011800765991,0.034218668937683105
1867,global,1,0.4840352535247803,0.0
1868,global,2,0.5301047563552856,0.04150688648223877
1869,global,2,0.50604248046875,0.02256298065185547
1870,global,1,0.5142748355865479,0.0
1871,global,1,0.5213077068328857,0.0
1872,global,2,0.4849041700363159,0.018244624137878418
1873,global,1,0.48639416694641113,0.0
1874,global,2,0.3761734962463379,0.004059791564941406
1875,global,2,0.37829864025115967,0.008493542671203613
1876,global,2,0.37673497200012207,0.0024445056915283203
1877,global,1,0.5276713371276855,0.0
1878,global,2,0.5122191905975342,0.02002716064453125
1879,global,1,0.37621045112609863,0.0
1880,global,1,0.4735136032104492,0.0
1881,global,2,0.5469756126403809,0.043718814849853516
1882,global,1,0.36433982849121094,0.0
1883,global,3,0.5242837270100912,0.025200314205200268
1884,global,1,0.3703784942626953,0.0
1885,global,1,0.48680710792541504,0.0
1886,global,1,0.3742659091949463,0.0
1887,global,2,0.39376866817474365,0.024559855461120605
1888,global,1,0.37435126304626465,0.0
1889,global,1,0.5009317398071289,0.0
1890,global,1,0.4769582748413086,0.0
1891,global,1,0.47971129417419434,0.0
1892,global,2,0.37978577613830566,0.005117654800415039
1893,global,1,0.47797131538391113,0.0
1894,global,1,0.47672367095947266,0.0
1895,global,3,0.5202444394429525,0.023046446485105346
1896,global,1,0.4070255756378174,0.0
1897,global,3,0.49800578753153485,0.010426602784317418
1898,global,1,0.3847944736480713,0.0
1899,global,1,0.4094047546386719,0.0
1900,global,2,0.5222018957138062,0.04550158977508545
1901,global,1,0.37316179275512695,0.0
1902,global,1,0.3755636215209961,0.0
1903,global,1,0.5337622165679932,0.0
1904,global,1,0.5956175327301025,0.0
1905,global,2,0.5058256387710571,0.01751077175140381
1906,global,3,0.5928496519724528,0.08127335826183199
1907,global,1,0.3785972595214844,0.0
1908,global,1,0.5171666145324707,0.0
1909,global,2,0.5180983543395996,0.02876114845275879
1910,global,1,0.47582125663757324,0.0
1911,global,2,0.3856847286224365,0.006017446517944336
1912,global,1,0.47927021980285645,0.0
1913,global,1,0.4964334964752197,0.0
1914,global,2,0.529914140701294,0.002237558364868164
1915,global,2,0.5300736427307129,0.04367637634277344
1916,global,1,0.4762077331542969,0.0
1917,global,1,0.5065546035766602,0.0
1918,global,1,0.42404675483703613,0.0
1919,global,2,0.5656431913375854,0.024526476860046387
1920,global,2,0.5103187561035156,0.013733148574829102
1921,global,1,0.37652111053466797,0.0
1922,global,1,0.38199424743652344,0.0
1923,global,1,0.587632417678833,0.0
1924,global,1,0.48569631576538086,0.0
1925,global,1,0.36797046661376953,0.0
1926,global,1,0.4749922752380371,0.0
1927,global,2,0.4862813949584961,0.00721287727355957
1928,global,1,0.485349178314209,0.0
1929,global,1,0.5574722290039062,0.0
1930,global,2,0.5047036409378052,0.006314873695373535
1931,global,1,0.5134084224700928,0.0
1932,global,1,0.5479123592376709,0.0
1933,global,1,0.5367190837860107,0.0
1934,global,1,0.48373842239379883,0.0
1935,global,2,0.5032148361206055,0.028391599655151367
1936,global,2,0.5062069892883301,0.02118992805480957
1937,global,1,0.5051569938659668,0.0
1938,global,1,0.48528361320495605,0.0
1939,global,1,0.3870556354522705,0.0
1940,global,2,0.3917635679244995,0.0037211179733276367
1941,global,1,0.527214527130127,0.0
1942,global,4,0.44812142848968506,0.09951554232736033
1943,global,2,0.3834214210510254,0.00027942657470703125
1944,global,1,0.48879051208496094,0.0
1945,global,1,0.5231108665466309,0.0
1946,global,3,0.5060107707977295,0.021802378554702313
1947,global,1,0.48274993896484375,0.0
1948,global,1,0.4811427593231201,0.0
1949,global,1,0.3737332820892334,0.0
1950,global,1,0.38112735748291016,0.0
1951,global,1,0.36681413650512695,0.0
1952,global,1,0.5006406307220459,0.0
1953,global,1,0.49503350257873535,0.0
1954,global,1,0.46953749656677246,0.0
1955,global,2,0.48240864276885986,0.004163146018981934
1956,global,2,0.4804508686065674,0.0014040470123291016
1957,global,1,0.49228787422180176,0.0
1958,global,1,0.6496813297271729,0.0
1959,global,3,0.4145791530609131,0.10238445449406054
1960,global,3,0.548058827718099,0.041672131609129026
1961,global,1,0.4886908531188965,0.0
1962,global,1,0.4842250347137451,0.0
1963,global,4,0.537606954574585,0.057240002552244144
1964,global,3,0.49878279368082684,0.013905955366364357
1965,global,2,0.3948436975479126,0.01871192455291748
1966,global,1,0.5689671039581299,0.0
1967,global,1,0.36823248863220215,0.0
1968,global,1,0.48906970024108887,0.0
1969,global,1,0.5249598026275635,0.0
1970,global,2,0.5500273704528809,0.011556386947631836
1971,global,1,0.4813051223754883,0.0
1972,global,3,0.41979146003723145,0.11278064780575446
1973,global,1,0.4114248752593994,0.0
1974,global,1,0.3744926452636719,0.0
1975,global,1,0.4889082908630371,0.0
1976,global,1,0.47882723808288574,0.0
1977,global,1,0.4811713695526123,0.0
1978,global,2,0.48787248134613037,0.005463242530822754
1979,global,2,0.5384472608566284,0.0008660554885864258
1980,global,3,0.4970563252766927,0.005201256213063548
1981,global,1,0.3817157745361328,0.0
1982,global,1,0.5164322853088379,0.0
1983,global,1,0.6038932800292969,0.0
1984,global,1,0.3863339424133301,0.0
1985,global,1,0.5049221515655518,0.0
1986,global,1,0.5477988719940186,0.0
1987,global,1,0.3809642791748047,0.0
1988,global,1,0.5265102386474609,0.0
1989,global,3,0.41209061940511066,0.12389076891740806
1990,global,1,0.4071645736694336,0.0
1991,global,2,0.3814612627029419,0.10186946392059326
1992,global,1,0.37055516242980957,0.0
1993,global,1,0.486072301864624,0.0
1994,global,1,0.49240589141845703,0.0
1995,global,1,0.5137186050415039,0.0
1996,global,1,0.2699465751647949,0.0
1997,global,2,0.3967670202255249,0.11347091197967529
1998,global,1,0.2644970417022705,0.0
1999,global,1,0.1880326271057129,0.0
2000,global,1,0.24276280403137207,0.0
2001,global,1,0.1930234432220459,0.0
2002,global,1,0.240800142288208,0.0
2003,global,1,0.24155282974243164,0.0
2004,global,1,0.18762707710266113,0.0
2005,global,1,0.2674250602722168,0.0
2006,global,1,0.18142199516296387,0.0
2007,global,2,0.28600645065307617,0.09503340721130371
2008,global,1,0.36374521255493164,0.0
2009,global,1,0.2747211456298828,0.0
2010,global,1,0.5360400676727295,0.0
2011,global,1,0.539794921875,0.0
2012,global,1,0.4802718162536621,0.0
2013,global,1,0.48429369926452637,0.0
2014,global,2,0.5281010866165161,0.03711593151092529
2015,global,1,0.5177557468414307,0.0
2016,global,2,0.5257669687271118,0.02985990047454834
2017,global,1,0.38127994537353516,0.0
2018,global,2,0.5802716016769409,0.016065478324890137
2019,global,1,0.4785158634185791,0.0
2020,global,1,0.48073506355285645,0.0
2021,global,2,0.4862920045852661,0.004299283027648926
2022,global,3,0.5270889600118002,0.013348444263772572
2023,global,1,0.39122796058654785,0.0
2024,global,2,0.5094447135925293,0.014319658279418945
2025,global,1,0.48922252655029297,0.0
2026,global,1,0.4903120994567871,0.0
2027,global,1,0.3803744316101074,0.0
2028,global,1,0.519434928894043,0.0
2029,global,1,0.49225926399230957,0.0
2030,global,1,0.39309239387512207,0.0
2031,global,1,0.4909367561340332,0.0
2032,global,1,0.37048792839050293,0.0
2033,global,1,0.48549318313598633,0.0
2034,global,1,0.6598210334777832,0.0
2035,global,1,0.37627649307250977,0.0
2036,global,1,0.37049269676208496,0.0
2037,global,3,0.3862310250600179,0.003468436578932737
2038,global,1,0.47936511039733887,0.0
2039,global,1,0.48267340660095215,0.0
2040,global,1,0.3829805850982666,0.0
2041,global,1,0.3934481143951416,0.0
2042,global,1,0.38098835945129395,0.0
2043,global,1,0.6128957271575928,0.0
2044,global,2,0.4899061918258667,0.0027216672897338867
2045,global,2,0.2929568290710449,0.07467174530029297
2046,global,1,0.4880714416503906,0.0
2047,global,1,0.47889018058776855,0.0
2048,global,1,0.3700246810913086,0.0
2049,global,1,0.5276422500610352,0.0
2050,global,1,0.49256348609924316,0.0
2051,global,1,0.38979053497314453,0.0
2052,global,1,0.480374813079834,0.0
2053,global,2,0.48049044609069824,0.010487556457519531
2054,global,1,0.399219274520874,0.0
2055,global,1,0.36980628967285156,0.0
2056,global,1,0.5308933258056641,0.0
2057,global,1,0.43782711029052734,0.0
2058,global,1,0.6583662033081055,0.0
2059,global,1,0.3847486972808838,0.0
2060,global,1,0.4866509437561035,0.0
2061,global,2,0.3925180435180664,0.017181873321533203
2062,global,1,0.47553062438964844,0.0
2063,global,4,0.494329035282135,0.13277025257002203
2064,global,1,0.4820523262023926,0.0
2065,global,1,0.3668382167816162,0.0
2066,global,1,0.5390222072601318,0.0
2067,global,1,0.40784525871276855,0.0
2068,global,1,0.38931918144226074,0.0
2069,global,1,0.4834270477294922,0.0
2070,global,1,0.5082426071166992,0.0
2071,global,1,0.4774038791656494,0.0
2072,global,2,0.4016273021697998,0.011482000350952148
2073,global,1,0.37856340408325195,0.0
2074,global,1,0.49206042289733887,0.0
2075,global,1,0.4863917827606201,0.0
2076,global,1,0.37001800537109375,0.0
2077,global,1,0.48264217376708984,0.0
2078,global,2,0.5328950881958008,0.010990381240844727
2079,global,2,0.380196213722229,0.12094581127166748
2080,global,1,0.37790703773498535,0.0
2081,global,2,0.4536381959915161,0.029034733772277832
2082,global,1,0.4880385398864746,0.0
2083,global,3,0.4704773426055908,0.12963252052469065
2084,global,1,0.5153348445892334,0.0
2085,global,1,0.3517584800720215,0.0
2086,global,1,0.3002912998199463,0.0
2087,global,1,0.24276232719421387,0.0
2088,global,1,0.24962186813354492,0.0
2089,global,3,0.4577759901682536,0.16254661029335551
2090,global,1,0.24886631965637207,0.0
2091,global,1,0.47719693183898926,0.0
2092,global,1,0.48213982582092285,0.0
2093,global,1,0.19109249114990234,0.0
2094,global,1,0.27608776092529297,0.0
2095,global,1,0.25524353981018066,0.0
2096,global,1,0.25171732902526855,0.0
2097,global,1,0.18760466575622559,0.0
2098,global,1,0.18875622749328613,0.0
2099,global,1,0.2936687469482422,0.0
2100,global,1,0.27453041076660156,0.0
2101,global,2,0.5335807800292969,0.018758058547973633
2102,global,1,0.4859628677368164,0.0
2103,global,1,0.49112391471862793,0.0
2104,global,1,0.3745889663696289,0.0
2105,global,1,0.49003028869628906,0.0
2106,global,2,0.41560935974121094,0.08808660507202148
2107,global,2,0.4584028720855713,0.21111679077148438
2108,global,2,0.3757873773574829,0.12893331050872803
2109,global,1,0.19415950775146484,0.0
2110,global,1,0.2000443935394287,0.0
2111,global,1,0.27422261238098145,0.0
2112,global,2,0.4028569459915161,0.1134265661239624
2113,global,2,0.4987635612487793,0.0035164356231689453
2114,global,3,0.49953770637512207,0.0075971244358185395
2115,global,1,0.4880082607269287,0.0
2116,global,1,0.38169431686401367,0.0
2117,global,1,0.389695405960083,0.0
2118,global,1,0.5518176555633545,0.0
2119,global,1,0.47893452644348145,0.0
2120,global,1,0.483320951461792,0.0
2121,global,1,0.49617958068847656,0.0
2122,global,1,0.4161527156829834,0.0
2123,global,3,0.5786518255869547,0.014611042389380158
2124,global,2,0.3782535791397095,0.003888249397277832
2125,global,1,0.4800832271575928,0.0
2126,global,1,0.37120604515075684,0.0
2127,global,1,0.3887205123901367,0.0
2128,global,1,0.3934907913208008,0.0
2129,global,1,0.47991418838500977,0.0
2130,global,2,0.5452824831008911,0.039832234382629395
2131,global,2,0.5068964958190918,0.023020029067993164
2132,global,1,0.48262834548950195,0.0
2133,global,1,0.48393702507019043,0.0
2134,global,2,0.5063235759735107,0.017297744750976562
2135,global,1,0.4494781494140625,0.0
2136,global,3,0.5169836680094401,0.02327675019234909
2137,global,2,0.4838484525680542,0.0017067193984985352
2138,global,1,0.4863729476928711,0.0
2139,global,3,0.42567650477091473,0.10152967770598881
2140,global,1,0.4936482906341553,0.0
2141,global,1,0.3730733394622803,0.0
2142,global,1,0.4815487861633301,0.0
2143,global,1,0.5229504108428955,0.0
2144,global,1,0.5409655570983887,0.0
2145,global,1,0.3925309181213379,0.0
2146,global,1,0.37528395652770996,0.0
2147,global,2,0.48929619789123535,0.0002942085266113281
2148,global,1,0.4892451763153076,0.0
2149,global,2,0.49450647830963135,0.008619427680969238
2150,global,1,0.48578786849975586,0.0
2151,global,1,0.489147424697876,0.0
2152,global,2,0.4957268238067627,0.008745431900024414
2153,global,1,0.41568922996520996,0.0
2154,global,1,0.3821749687194824,0.0
2155,global,2,0.4128248691558838,0.024155616760253906
2156,global,1,0.4834866523742676,0.0
2157,global,2,0.49145662784576416,0.0038164854049682617
2158,global,1,0.37513041496276855,0.0
2159,global,1,0.5248317718505859,0.0
2160,global,1,0.3771188259124756,0.0
2161,global,1,0.4843754768371582,0.0
2162,global,1,0.5200908184051514,0.0
2163,global,1,0.365450382232666,0.0
2164,global,1,0.4913642406463623,0.0
2165,global,3,0.5050658384958903,0.010380592493163476
2166,global,2,0.48656344413757324,0.0008165836334228516
2167,global,1,0.5820233821868896,0.0
2168,global,2,0.5246165990829468,0.03323209285736084
2169,global,2,0.4967082738876343,0.00831902027130127
2170,global,1,0.48726367950439453,0.0
2171,global,1,0.4821944236755371,0.0
2172,global,1,0.48952746391296387,0.0
2173,global,1,0.49030494689941406,0.0
2174,global,2,0.48260045051574707,0.004602909088134766
2175,global,1,0.48481130599975586,0.0
2176,global,1,0.49093127250671387,0.0
2177,global,1,0.5243890285491943,0.0
2178,global,1,0.48262643814086914,0.0
2179,global,1,0.3693838119506836,0.0
2180,global,1,0.39139747619628906,0.0
2181,global,1,0.5007028579711914,0.0
2182,global,1,0.37396931648254395,0.0
2183,global,1,0.3695869445800781,0.0
2184,global,1,0.492495059967041,0.0
2185,global,2,0.37625062465667725,0.0015555620193481445
2186,global,1,0.418060302734375,0.0
2187,global,2,0.37692487239837646,0.11291849613189697
2188,global,1,0.4857473373413086,0.0
2189,global,1,0.48734045028686523,0.0
2190,global,2,0.369128942489624,0.1199800968170166
2191,global,2,0.5158191919326782,0.009307026863098145
2192,global,1,0.49323487281799316,0.0
2193,global,1,0.4867842197418213,0.0
2194,global,1,0.5070750713348389,0.0
2195,global,1,0.40750932693481445,0.0
2196,global,1,0.373119592666626,0.0
2197,global,1,0.5627899169921875,0.0
2198,global,1,0.5191545486450195,0.0
2199,global,1,0.49540281295776367,0.0
2200,global,1,0.4790465831756592,0.0
2201,global,1,0.525883674621582,0.0
2202,global,1,0.5065734386444092,0.0
2203,global,1,0.37435150146484375,0.0
2204,global,1,0.2705650329589844,0.0
2205,global,1,0.3815605640411377,0.0
2206,global,1,0.3855757713317871,0.0
2207,global,2,0.3888305425643921,0.003711104393005371
2208,global,1,0.46063709259033203,0.0
2209,global,1,0.26273322105407715,0.0
2210,global,1,0.18908262252807617,0.0
2211,global,1,0.25088000297546387,0.0
2212,global,1,0.35500049591064453,0.0
2213,global,1,0.1947193145751953,0.0
2214,global,2,0.18662679195404053,8.380413055419922e-05
2215,global,1,0.2612447738647461,0.0
2216,global,1,0.24408197402954102,0.0
2217,global,1,0.18642640113830566,0.0
2218,global,1,0.27841615676879883,0.0
2219,global,1,0.248565673828125,0.0
2220,global,1,0.25116801261901855,0.0
2221,global,1,0.24867820739746094,0.0
2222,global,1,0.24376535415649414,0.0
2223,global,1,0.1985464096069336,0.0
2224,global,1,0.27768492698669434,0.0
2225,global,1,0.18769001960754395,0.0
2226,global,1,0.250948429107666,0.0
2227,global,1,0.214890718460083,0.0
2228,global,1,0.20212769508361816,0.0
2229,global,1,0.2963137626647949,0.0
2230,global,1,0.5518283843994141,0.0
2231,global,1,0.3861730098724365,0.0
2232,global,1,0.483351469039917,0.0
2233,global,1,0.4326035976409912,0.0
2234,global,1,0.629065990447998,0.0
2235,global,1,0.6773855686187744,0.0
2236,global,1,0.4833650588989258,0.0
2237,global,1,0.48868370056152344,0.0
2238,global,1,0.3945951461791992,0.0
2239,global,1,0.5207240581512451,0.0
2240,global,1,0.49190759658813477,0.0
2241,global,1,0.4918708801269531,0.0
2242,global,1,0.5012085437774658,0.0
