0.1,0.11006755863671003,avg_node_load,gpasp
0.1,0.029579238146947028,avg_link_load,gpasp
0.2,0.16000190582753085,avg_node_load,gpasp
0.2,0.040509353429815244,avg_link_load,gpasp
0.3,0.3373185626157697,avg_node_load,gpasp
0.3,0.12033845760508347,avg_link_load,gpasp
0.4,0.4642343235711569,avg_node_load,gpasp
0.4,0.22692491933216252,avg_link_load,gpasp
0.5,0.5225153856351907,avg_node_load,gpasp
0.5,0.27532037578127744,avg_link_load,gpasp
0.1,0.1149382573686325,avg_node_load,spr2
0.1,0.026071327895314786,avg_link_load,spr2
0.2,0.15720928936401263,avg_node_load,spr2
0.2,0.03455171471448171,avg_link_load,spr2
0.3,0.35423501422391085,avg_node_load,spr2
0.3,0.0836621949498356,avg_link_load,spr2
0.4,0.4812240291374064,avg_node_load,spr2
0.4,0.13803554264612003,avg_link_load,spr2
0.5,0.5492536019987255,avg_node_load,spr2
0.5,0.16617825603672334,avg_link_load,spr2
0.1,0.10805912536982105,avg_node_load,gpasp
0.1,0.040209098483302945,avg_link_load,gpasp
0.2,0.22746444485703204,avg_node_load,gpasp
0.2,0.10321417382656617,avg_link_load,gpasp
0.3,0.38158862380660447,avg_node_load,gpasp
0.3,0.20769521481981962,avg_link_load,gpasp
0.4,0.556334253694969,avg_node_load,gpasp
0.4,0.3701990517216277,avg_link_load,gpasp
0.5,0.633913399036557,avg_node_load,gpasp
0.5,0.43661426948978044,avg_link_load,gpasp
0.1,0.10301043851763007,avg_node_load,spr2
0.1,0.025450808708122306,avg_link_load,spr2
0.2,0.2184904663349322,avg_node_load,spr2
0.2,0.05366943988483993,avg_link_load,spr2
0.3,0.3869273139158572,avg_node_load,spr2
0.3,0.09252109065208544,avg_link_load,spr2
0.4,0.5770323287460648,avg_node_load,spr2
0.4,0.17978471362458115,avg_link_load,spr2
0.5,0.6597484330652804,avg_node_load,spr2
0.5,0.26000552963820917,avg_link_load,spr2
0.1,0.24756014699661616,avg_node_load,gpasp
0.1,0.08070783009510499,avg_link_load,gpasp
0.2,0.41486609760041493,avg_node_load,gpasp
0.2,0.19507499833280162,avg_link_load,gpasp
0.3,0.5287936624678994,avg_node_load,gpasp
0.3,0.30009388830625683,avg_link_load,gpasp
0.4,0.6155647650266995,avg_node_load,gpasp
0.4,0.424820773230907,avg_link_load,gpasp
0.5,0.6464074201276625,avg_node_load,gpasp
0.5,0.48688805172711164,avg_link_load,gpasp
0.1,0.2577780477974289,avg_node_load,spr2
0.1,0.04407794443145505,avg_link_load,spr2
0.2,0.4641502613150343,avg_node_load,spr2
0.2,0.1291382978799168,avg_link_load,spr2
0.3,0.5970437300448502,avg_node_load,spr2
0.3,0.24272206717959627,avg_link_load,spr2
0.4,0.701728136223465,avg_node_load,spr2
0.4,0.401551708115302,avg_link_load,spr2
0.5,0.7161033726507711,avg_node_load,spr2
0.5,0.44163534245116126,avg_link_load,spr2
0.1,0.14660423850235413,avg_node_load,gpasp
0.1,0.04917360931267441,avg_link_load,gpasp
0.2,0.3319128942083492,avg_node_load,gpasp
0.2,0.11052815586588574,avg_link_load,gpasp
0.3,0.49893853225304563,avg_node_load,gpasp
0.3,0.2526596031993395,avg_link_load,gpasp
0.4,0.550012446419667,avg_node_load,gpasp
0.4,0.3380691949752097,avg_link_load,gpasp
0.5,0.5822170063040081,avg_node_load,gpasp
0.5,0.41173831431604596,avg_link_load,gpasp
0.1,0.14405317347822705,avg_node_load,spr2
0.1,0.021907243578777623,avg_link_load,spr2
0.2,0.33991316733446236,avg_node_load,spr2
0.2,0.05268938468994051,avg_link_load,spr2
0.3,0.4984028710881503,avg_node_load,spr2
0.3,0.1072197594226136,avg_link_load,spr2
0.4,0.5839926451908548,avg_node_load,spr2
0.4,0.1463281427266895,avg_link_load,spr2
0.5,0.6637245061605541,avg_node_load,spr2
0.5,0.20299969279246521,avg_link_load,spr2
0.1,0.08112622385402765,avg_node_load,gpasp
0.1,0.025133818271104696,avg_link_load,gpasp
0.2,0.16087236654670942,avg_node_load,gpasp
0.2,0.0671629872073513,avg_link_load,gpasp
0.3,0.2748329274553004,avg_node_load,gpasp
0.3,0.14861605557215204,avg_link_load,gpasp
0.4,0.3137153226501239,avg_node_load,gpasp
0.4,0.16884261281093882,avg_link_load,gpasp
0.5,0.4566266001043704,avg_node_load,gpasp
0.5,0.3242800171623487,avg_link_load,gpasp
0.1,0.07965084175910457,avg_node_load,spr2
0.1,0.022257102527562106,avg_link_load,spr2
0.2,0.16429491067489957,avg_node_load,spr2
0.2,0.05431148563345174,avg_link_load,spr2
0.3,0.2761641960470056,avg_node_load,spr2
0.3,0.08500849174771509,avg_link_load,spr2
0.4,0.3300625152543799,avg_node_load,spr2
0.4,0.10235706527130824,avg_link_load,spr2
0.5,0.4924147495061624,avg_node_load,spr2
0.5,0.17859956609802216,avg_link_load,spr2
0.1,0.13227832335604695,avg_node_load,gpasp
0.1,0.04734427533376472,avg_link_load,gpasp
0.2,0.22487365980685167,avg_node_load,gpasp
0.2,0.08672428161945984,avg_link_load,gpasp
0.3,0.3504019439922425,avg_node_load,gpasp
0.3,0.14176029303427867,avg_link_load,gpasp
0.4,0.4851055957276695,avg_node_load,gpasp
0.4,0.20986160798391015,avg_link_load,gpasp
0.5,0.563076587740609,avg_node_load,gpasp
0.5,0.2580234148722866,avg_link_load,gpasp
0.1,0.12913413293226578,avg_node_load,spr2
0.1,0.028059208266018525,avg_link_load,spr2
0.2,0.2380443885116086,avg_node_load,spr2
0.2,0.05617393431335509,avg_link_load,spr2
0.3,0.3593417689269506,avg_node_load,spr2
0.3,0.09241559159700817,avg_link_load,spr2
0.4,0.49320586100525116,avg_node_load,spr2
0.4,0.1419547722084563,avg_link_load,spr2
0.5,0.5690590855521037,avg_node_load,spr2
0.5,0.1897718933105948,avg_link_load,spr2
0.1,0.10110657172872901,avg_node_load,gpasp
0.1,0.031517113471590176,avg_link_load,gpasp
0.2,0.1627900452975783,avg_node_load,gpasp
0.2,0.06521183750895616,avg_link_load,gpasp
0.3,0.2568873471566785,avg_node_load,gpasp
0.3,0.1163611985990707,avg_link_load,gpasp
0.4,0.33235503918828246,avg_node_load,gpasp
0.4,0.16632487952152494,avg_link_load,gpasp
0.5,0.4078389855824993,avg_node_load,gpasp
0.5,0.23357743518078578,avg_link_load,gpasp
0.1,0.09799095865413135,avg_node_load,spr2
0.1,0.022293464580326227,avg_link_load,spr2
0.2,0.15059967391207726,avg_node_load,spr2
0.2,0.038415763319815464,avg_link_load,spr2
0.3,0.2572184344246534,avg_node_load,spr2
0.3,0.07405643547300805,avg_link_load,spr2
0.4,0.3418945172294296,avg_node_load,spr2
0.4,0.10179216602863943,avg_link_load,spr2
0.5,0.4148984069655686,avg_node_load,spr2
0.5,0.13439798418344423,avg_link_load,spr2
0.1,0.20610622191637015,avg_node_load,gpasp
0.1,0.08026757418360034,avg_link_load,gpasp
0.2,0.352009570655927,avg_node_load,gpasp
0.2,0.1509131623509159,avg_link_load,gpasp
0.3,0.4628990779406309,avg_node_load,gpasp
0.3,0.26031207246073435,avg_link_load,gpasp
0.4,0.5224960537727528,avg_node_load,gpasp
0.4,0.34656884838153484,avg_link_load,gpasp
0.5,0.5519958784346418,avg_node_load,gpasp
0.5,0.36106483342425194,avg_link_load,gpasp
0.1,0.205031164428225,avg_node_load,spr2
0.1,0.04673025550944275,avg_link_load,spr2
0.2,0.35111741438013117,avg_node_load,spr2
0.2,0.08367936375293161,avg_link_load,spr2
0.3,0.46925735331044793,avg_node_load,spr2
0.3,0.1340491269389983,avg_link_load,spr2
0.4,0.5727789111805547,avg_node_load,spr2
0.4,0.19465784115257148,avg_link_load,spr2
0.5,0.5881480714096492,avg_node_load,spr2
0.5,0.20042234947767915,avg_link_load,spr2
0.1,0.09268007924280108,avg_node_load,gpasp
0.1,0.027775191338955372,avg_link_load,gpasp
0.2,0.22973073438187855,avg_node_load,gpasp
0.2,0.07843614208375439,avg_link_load,gpasp
0.3,0.25702627205546363,avg_node_load,gpasp
0.3,0.08542433210984338,avg_link_load,gpasp
0.4,0.4797146828106341,avg_node_load,gpasp
0.4,0.2355951961216074,avg_link_load,gpasp
0.5,0.5915900330854531,avg_node_load,gpasp
0.5,0.34911658596392453,avg_link_load,gpasp
0.1,0.09584457064777134,avg_node_load,spr2
0.1,0.020098411104452436,avg_link_load,spr2
0.2,0.22570558632924706,avg_node_load,spr2
0.2,0.0440784502213247,avg_link_load,spr2
0.3,0.26079707864537865,avg_node_load,spr2
0.3,0.05317455608830612,avg_link_load,spr2
0.4,0.48959646604410634,avg_node_load,spr2
0.4,0.12610980819211112,avg_link_load,spr2
0.5,0.6013213646840082,avg_node_load,spr2
0.5,0.1871720334360955,avg_link_load,spr2
0.1,0.14092871969180515,avg_node_load,gpasp
0.1,0.04356499794217951,avg_link_load,gpasp
0.2,0.2555443514556593,avg_node_load,gpasp
0.2,0.10038914058785889,avg_link_load,gpasp
0.3,0.3353291497486081,avg_node_load,gpasp
0.3,0.16374257379541993,avg_link_load,gpasp
0.4,0.4340612888143591,avg_node_load,gpasp
0.4,0.2692211065166543,avg_link_load,gpasp
0.5,0.5021473346102878,avg_node_load,gpasp
0.5,0.38662668209487244,avg_link_load,gpasp
0.1,0.13312360289424097,avg_node_load,spr2
0.1,0.027617847939382833,avg_link_load,spr2
0.2,0.24899602738471632,avg_node_load,spr2
0.2,0.05411846102181376,avg_link_load,spr2
0.3,0.3341401966008059,avg_node_load,spr2
0.3,0.07670809296653529,avg_link_load,spr2
0.4,0.4477195199026325,avg_node_load,spr2
0.4,0.12145824790623294,avg_link_load,spr2
0.5,0.5206699770505832,avg_node_load,spr2
0.5,0.1703241644128841,avg_link_load,spr2
0.1,0.10265886281961228,avg_node_load,gpasp
0.1,0.03191870034925547,avg_link_load,gpasp
0.2,0.18530709019098515,avg_node_load,gpasp
0.2,0.06209202664818426,avg_link_load,gpasp
0.3,0.2591487153021623,avg_node_load,gpasp
0.3,0.09899281065865494,avg_link_load,gpasp
0.4,0.3908971041483811,avg_node_load,gpasp
0.4,0.1595487322183692,avg_link_load,gpasp
0.5,0.44127270239608973,avg_node_load,gpasp
0.5,0.19734480021301173,avg_link_load,gpasp
0.1,0.10366337860570655,avg_node_load,spr2
0.1,0.02244431242953539,avg_link_load,spr2
0.2,0.19032529577726093,avg_node_load,spr2
0.2,0.04243337962680905,avg_link_load,spr2
0.3,0.25869656838166155,avg_node_load,spr2
0.3,0.060101244714431935,avg_link_load,spr2
0.4,0.3898825323001179,avg_node_load,spr2
0.4,0.10166710597313168,avg_link_load,spr2
0.5,0.4500661275993064,avg_node_load,spr2
0.5,0.1228557779011921,avg_link_load,spr2
0.1,0.19131222909617213,avg_node_load,gpasp
0.1,0.08137333984097692,avg_link_load,gpasp
0.2,0.22827269873073952,avg_node_load,gpasp
0.2,0.10889934299555376,avg_link_load,gpasp
0.3,0.3789075756350647,avg_node_load,gpasp
0.3,0.22888779953828742,avg_link_load,gpasp
0.4,0.49296115363989085,avg_node_load,gpasp
0.4,0.3555900389103839,avg_link_load,gpasp
0.5,0.553244269488079,avg_node_load,gpasp
0.5,0.4429456492166577,avg_link_load,gpasp
0.1,0.2077455017007194,avg_node_load,spr2
0.1,0.042153943561538496,avg_link_load,spr2
0.2,0.228301189090829,avg_node_load,spr2
0.2,0.04838899513672638,avg_link_load,spr2
0.3,0.41119878295252477,avg_node_load,spr2
0.3,0.09291370355961134,avg_link_load,spr2
0.4,0.5492809488457706,avg_node_load,spr2
0.4,0.18697295428073538,avg_link_load,spr2
0.5,0.6406069598413944,avg_node_load,spr2
0.5,0.28049089779692826,avg_link_load,spr2
0.1,0.08955430471262124,avg_node_load,gpasp
0.1,0.028087393642319634,avg_link_load,gpasp
0.2,0.2670551155038791,avg_node_load,gpasp
0.2,0.11345998691459178,avg_link_load,gpasp
0.3,0.3899156007338897,avg_node_load,gpasp
0.3,0.1985928902224648,avg_link_load,gpasp
0.4,0.5386374716983664,avg_node_load,gpasp
0.4,0.3473297984949242,avg_link_load,gpasp
0.5,0.5977834275305834,avg_node_load,gpasp
0.5,0.39879223385498025,avg_link_load,gpasp
0.1,0.08597853937141638,avg_node_load,spr2
0.1,0.01999533942505649,avg_link_load,spr2
0.2,0.2618915832533032,avg_node_load,spr2
0.2,0.07625556661842245,avg_link_load,spr2
0.3,0.38905628488452054,avg_node_load,spr2
0.3,0.1169534489680953,avg_link_load,spr2
0.4,0.5458339250913783,avg_node_load,spr2
0.4,0.19375298995397927,avg_link_load,spr2
0.5,0.6065212961976967,avg_node_load,spr2
0.5,0.23820726537523787,avg_link_load,spr2
0.1,0.22463945423905157,avg_node_load,gpasp
0.1,0.0877504047780664,avg_link_load,gpasp
0.2,0.28103306142884044,avg_node_load,gpasp
0.2,0.1163229475878926,avg_link_load,gpasp
0.3,0.4502944476790365,avg_node_load,gpasp
0.3,0.21825354473559366,avg_link_load,gpasp
0.4,0.5675395373255573,avg_node_load,gpasp
0.4,0.3397155415491799,avg_link_load,gpasp
0.5,0.5943438268117508,avg_node_load,gpasp
0.5,0.3803166984000576,avg_link_load,gpasp
0.1,0.22229950474731355,avg_node_load,spr2
0.1,0.049439852760844234,avg_link_load,spr2
0.2,0.28992594457271365,avg_node_load,spr2
0.2,0.06169085652997579,avg_link_load,spr2
0.3,0.46352219419554763,avg_node_load,spr2
0.3,0.11919754762054749,avg_link_load,spr2
0.4,0.6005406089137328,avg_node_load,spr2
0.4,0.20132990822454647,avg_link_load,spr2
0.5,0.6312493804917462,avg_node_load,spr2
0.5,0.24109753437227346,avg_link_load,spr2
0.1,0.08284115360022112,avg_node_load,gpasp
0.1,0.022960296809462433,avg_link_load,gpasp
0.2,0.1618552243195828,avg_node_load,gpasp
0.2,0.06591427205331665,avg_link_load,gpasp
0.3,0.30487931784068273,avg_node_load,gpasp
0.3,0.1678496312247489,avg_link_load,gpasp
0.4,0.4305341077374355,avg_node_load,gpasp
0.4,0.2882426812720743,avg_link_load,gpasp
0.5,0.5413186635501189,avg_node_load,gpasp
0.5,0.3876197600428081,avg_link_load,gpasp
0.1,0.0810062856757842,avg_node_load,spr2
0.1,0.014391318086661104,avg_link_load,spr2
0.2,0.16284688025025493,avg_node_load,spr2
0.2,0.03163799596059724,avg_link_load,spr2
0.3,0.3090044631279114,avg_node_load,spr2
0.3,0.06594438456972715,avg_link_load,spr2
0.4,0.46085268640558,avg_node_load,spr2
0.4,0.12412699251028028,avg_link_load,spr2
0.5,0.6139123194750138,avg_node_load,spr2
0.5,0.20708631090021357,avg_link_load,spr2
0.1,0.176105356076536,avg_node_load,gpasp
0.1,0.033581528960143804,avg_link_load,gpasp
0.2,0.21933589206792284,avg_node_load,gpasp
0.2,0.04857348541360886,avg_link_load,gpasp
0.3,0.43414818457619814,avg_node_load,gpasp
0.3,0.1267102870912049,avg_link_load,gpasp
0.4,0.5623595227809518,avg_node_load,gpasp
0.4,0.22835408351102218,avg_link_load,gpasp
0.5,0.7081161749637144,avg_node_load,gpasp
0.5,0.41501025138154596,avg_link_load,gpasp
0.1,0.16793097619749192,avg_node_load,spr2
0.1,0.025366890800911333,avg_link_load,spr2
0.2,0.22683738753849444,avg_node_load,spr2
0.2,0.03826781622048262,avg_link_load,spr2
0.3,0.4371548776499233,avg_node_load,spr2
0.3,0.07700909803624098,avg_link_load,spr2
0.4,0.5763351586878721,avg_node_load,spr2
0.4,0.14688938223492676,avg_link_load,spr2
0.5,0.7113930508266001,avg_node_load,spr2
0.5,0.317587489800446,avg_link_load,spr2
0.1,0.1692313657136196,avg_node_load,gpasp
0.1,0.05883133278991331,avg_link_load,gpasp
0.2,0.3185265452117984,avg_node_load,gpasp
0.2,0.14116302489565574,avg_link_load,gpasp
0.3,0.4987849901125331,avg_node_load,gpasp
0.3,0.3248475131159911,avg_link_load,gpasp
0.4,0.6389575782487955,avg_node_load,gpasp
0.4,0.4844995545740071,avg_link_load,gpasp
0.5,0.6478999920134276,avg_node_load,gpasp
0.5,0.5074020154971047,avg_link_load,gpasp
0.1,0.17002533284319205,avg_node_load,spr2
0.1,0.03251791091444223,avg_link_load,spr2
0.2,0.33692547305658443,avg_node_load,spr2
0.2,0.07508667650752418,avg_link_load,spr2
0.3,0.5224411829080688,avg_node_load,spr2
0.3,0.14575977902827947,avg_link_load,spr2
0.4,0.6795439173242395,avg_node_load,spr2
0.4,0.2557516153907611,avg_link_load,spr2
0.5,0.6878730885860206,avg_node_load,spr2
0.5,0.264541793933897,avg_link_load,spr2
0.1,0.10100536265058907,avg_node_load,gpasp
0.1,0.026611802426478086,avg_link_load,gpasp
0.2,0.2428236932510897,avg_node_load,gpasp
0.2,0.08603933855621573,avg_link_load,gpasp
0.3,0.3418866477668884,avg_node_load,gpasp
0.3,0.1630008990485453,avg_link_load,gpasp
0.4,0.5426030276498748,avg_node_load,gpasp
0.4,0.3048877058406533,avg_link_load,gpasp
0.5,0.6287766687793508,avg_node_load,gpasp
0.5,0.46751665605040804,avg_link_load,gpasp
0.1,0.10176322418135998,avg_node_load,spr2
0.1,0.019031038636852925,avg_link_load,spr2
0.2,0.2530681952535297,avg_node_load,spr2
0.2,0.04679917247957852,avg_link_load,spr2
0.3,0.34208922621881344,avg_node_load,spr2
0.3,0.06712957568098521,avg_link_load,spr2
0.4,0.5818614635784044,avg_node_load,spr2
0.4,0.17994959865391263,avg_link_load,spr2
0.5,0.6958076956786805,avg_node_load,spr2
0.5,0.35352701386181234,avg_link_load,spr2
0.1,0.11534113123630398,avg_node_load,gpasp
0.1,0.022464345508434545,avg_link_load,gpasp
0.2,0.29631980938452596,avg_node_load,gpasp
0.2,0.10496986626812199,avg_link_load,gpasp
0.3,0.3354084307446903,avg_node_load,gpasp
0.3,0.12747226684215887,avg_link_load,gpasp
0.4,0.4403985206778089,avg_node_load,gpasp
0.4,0.1933268502629303,avg_link_load,gpasp
0.5,0.4962071638614598,avg_node_load,gpasp
0.5,0.2347192237719833,avg_link_load,gpasp
0.1,0.12389874913512286,avg_node_load,spr2
0.1,0.02405736233654924,avg_link_load,spr2
0.2,0.2977580960826799,avg_node_load,spr2
0.2,0.07210038908538305,avg_link_load,spr2
0.3,0.3412014778865527,avg_node_load,spr2
0.3,0.08352433195992251,avg_link_load,spr2
0.4,0.4495944857935977,avg_node_load,spr2
0.4,0.120611194923801,avg_link_load,spr2
0.5,0.5065855318846032,avg_node_load,spr2
0.5,0.15742418759965215,avg_link_load,spr2
0.1,0.04948312280554538,avg_node_load,gpasp
0.1,0.01178053271963764,avg_link_load,gpasp
0.2,0.1412523934270076,avg_node_load,gpasp
0.2,0.03284203409131354,avg_link_load,gpasp
0.3,0.29695284402387956,avg_node_load,gpasp
0.3,0.07489621649683441,avg_link_load,gpasp
0.4,0.3879354373750782,avg_node_load,gpasp
0.4,0.12587641166551508,avg_link_load,gpasp
0.5,0.46142708952198863,avg_node_load,gpasp
0.5,0.18818928527644732,avg_link_load,gpasp
0.1,0.04863265728001493,avg_node_load,spr2
0.1,0.01141397500712169,avg_link_load,spr2
0.2,0.14395121362154295,avg_node_load,spr2
0.2,0.034072220485695914,avg_link_load,spr2
0.3,0.2959673117895037,avg_node_load,spr2
0.3,0.07219439379671046,avg_link_load,spr2
0.4,0.400808444643207,avg_node_load,spr2
0.4,0.10369272752346809,avg_link_load,spr2
0.5,0.4552341584421801,avg_node_load,spr2
0.5,0.12626260773379339,avg_link_load,spr2
0.1,0.17098803034123947,avg_node_load,gpasp
0.1,0.052066906465676126,avg_link_load,gpasp
0.2,0.2734968147115649,avg_node_load,gpasp
0.2,0.09389042059029923,avg_link_load,gpasp
0.3,0.45280319200293834,avg_node_load,gpasp
0.3,0.2314586293566077,avg_link_load,gpasp
0.4,0.5561528780697399,avg_node_load,gpasp
0.4,0.33494292531511205,avg_link_load,gpasp
0.5,0.6749396665699177,avg_node_load,gpasp
0.5,0.45630112539653156,avg_link_load,gpasp
0.1,0.1627089726516506,avg_node_load,spr2
0.1,0.036448052468082,avg_link_load,spr2
0.2,0.27592566058135587,avg_node_load,spr2
0.2,0.0596639959111313,avg_link_load,spr2
0.3,0.4680047472036625,avg_node_load,spr2
0.3,0.14138728566612785,avg_link_load,spr2
0.4,0.5713319931464265,avg_node_load,spr2
0.4,0.24873366698750787,avg_link_load,spr2
0.5,0.6505990022166145,avg_node_load,spr2
0.5,0.40612322729401873,avg_link_load,spr2
0.1,0.24347806188369048,avg_node_load,gpasp
0.1,0.08409223550267328,avg_link_load,gpasp
0.2,0.3234635352915691,avg_node_load,gpasp
0.2,0.13581241287367285,avg_link_load,gpasp
0.3,0.43606202537820665,avg_node_load,gpasp
0.3,0.20176462735129866,avg_link_load,gpasp
0.4,0.6077296013412934,avg_node_load,gpasp
0.4,0.356777789959659,avg_link_load,gpasp
0.5,0.690691868282674,avg_node_load,gpasp
0.5,0.47090938835557383,avg_link_load,gpasp
0.1,0.25018919693258374,avg_node_load,spr2
0.1,0.0493857803215673,avg_link_load,spr2
0.2,0.3304607805817416,avg_node_load,spr2
0.2,0.07392470359683495,avg_link_load,spr2
0.3,0.4473426884206862,avg_node_load,spr2
0.3,0.10582741281846722,avg_link_load,spr2
0.4,0.6387414056342349,avg_node_load,spr2
0.4,0.25963859325202615,avg_link_load,spr2
0.5,0.6946845745180932,avg_node_load,spr2
0.5,0.3457620613670104,avg_link_load,spr2
0.1,0.2217078396461663,avg_node_load,gpasp
0.1,0.09810140705663446,avg_link_load,gpasp
0.2,0.3408864732826728,avg_node_load,gpasp
0.2,0.17970090025839244,avg_link_load,gpasp
0.3,0.4146938024144825,avg_node_load,gpasp
0.3,0.2611004371064388,avg_link_load,gpasp
0.4,0.5093780457018237,avg_node_load,gpasp
0.4,0.3843505327207986,avg_link_load,gpasp
0.5,0.5568994839009582,avg_node_load,gpasp
0.5,0.46001247810790563,avg_link_load,gpasp
0.1,0.2143515575333763,avg_node_load,spr2
0.1,0.04985749073655864,avg_link_load,spr2
0.2,0.3514164690419729,avg_node_load,spr2
0.2,0.08162866393883943,avg_link_load,spr2
0.3,0.420467138443021,avg_node_load,spr2
0.3,0.10892787360852665,avg_link_load,spr2
0.4,0.5259023652056966,avg_node_load,spr2
0.4,0.14874065507320433,avg_link_load,spr2
0.5,0.5838167156813756,avg_node_load,spr2
0.5,0.18369704974466858,avg_link_load,spr2
0.1,0.14411386297845125,avg_node_load,gpasp
0.1,0.027199879474865428,avg_link_load,gpasp
0.2,0.31548332243295707,avg_node_load,gpasp
0.2,0.1200278087248101,avg_link_load,gpasp
0.3,0.4125604685969602,avg_node_load,gpasp
0.3,0.18344110987430073,avg_link_load,gpasp
0.4,0.5330042897353727,avg_node_load,gpasp
0.4,0.29636794776647196,avg_link_load,gpasp
0.5,0.5848164564540828,avg_node_load,gpasp
0.5,0.38638311133010667,avg_link_load,gpasp
0.1,0.1414011030162734,avg_node_load,spr2
0.1,0.024966484552372492,avg_link_load,spr2
0.2,0.3187217127221311,avg_node_load,spr2
0.2,0.059883699188382086,avg_link_load,spr2
0.3,0.4213151655185713,avg_node_load,spr2
0.3,0.0839066659419008,avg_link_load,spr2
0.4,0.5556077694908041,avg_node_load,spr2
0.4,0.1677880208632051,avg_link_load,spr2
0.5,0.6105352888813518,avg_node_load,spr2
0.5,0.2248622965021286,avg_link_load,spr2
0.1,0.12263452743649542,avg_node_load,gpasp
0.1,0.02734092376540199,avg_link_load,gpasp
0.2,0.21326104166196302,avg_node_load,gpasp
0.2,0.049267515332976096,avg_link_load,gpasp
0.3,0.3120779879964587,avg_node_load,gpasp
0.3,0.08951462007151706,avg_link_load,gpasp
0.4,0.37185579859906936,avg_node_load,gpasp
0.4,0.11212682057790885,avg_link_load,gpasp
0.5,0.41503612815983526,avg_node_load,gpasp
0.5,0.14083918354467892,avg_link_load,gpasp
0.1,0.1225525604117608,avg_node_load,spr2
0.1,0.03187961266684107,avg_link_load,spr2
0.2,0.20711595175998448,avg_node_load,spr2
0.2,0.056166996663177926,avg_link_load,spr2
0.3,0.29857958071777235,avg_node_load,spr2
0.3,0.07811827315940945,avg_link_load,spr2
0.4,0.37286990641514317,avg_node_load,spr2
0.4,0.11046939608214332,avg_link_load,spr2
0.5,0.4134419731657967,avg_node_load,spr2
0.5,0.1276506233484117,avg_link_load,spr2
0.1,0.21385325501256755,avg_node_load,gpasp
0.1,0.07124930462814702,avg_link_load,gpasp
0.2,0.3333389037433186,avg_node_load,gpasp
0.2,0.13824510956420244,avg_link_load,gpasp
0.3,0.41003992571053005,avg_node_load,gpasp
0.3,0.16552290199587216,avg_link_load,gpasp
0.4,0.47544550390688173,avg_node_load,gpasp
0.4,0.2101437333676623,avg_link_load,gpasp
0.5,0.6081547152876233,avg_node_load,gpasp
0.5,0.3348518706654721,avg_link_load,gpasp
0.1,0.21794700209548135,avg_node_load,spr2
0.1,0.042901552415543324,avg_link_load,spr2
0.2,0.3309991450831884,avg_node_load,spr2
0.2,0.07399900436744113,avg_link_load,spr2
0.3,0.42292294227402083,avg_node_load,spr2
0.3,0.11142329558959238,avg_link_load,spr2
0.4,0.49755030828632635,avg_node_load,spr2
0.4,0.14488134378449452,avg_link_load,spr2
0.5,0.6329056084357334,avg_node_load,spr2
0.5,0.27114082560600117,avg_link_load,spr2
0.1,0.045123166881598016,avg_node_load,gpasp
0.1,0.015294461710194836,avg_link_load,gpasp
0.2,0.08720426754937015,avg_node_load,gpasp
0.2,0.032755483110641886,avg_link_load,gpasp
0.3,0.1276165340839099,avg_node_load,gpasp
0.3,0.05407631355273804,avg_link_load,gpasp
0.4,0.22107831364849262,avg_node_load,gpasp
0.4,0.10656854268010388,avg_link_load,gpasp
0.5,0.3374592487190281,avg_node_load,gpasp
0.5,0.20182254914651543,avg_link_load,gpasp
0.1,0.041084046026324914,avg_node_load,spr2
0.1,0.012426538901557864,avg_link_load,spr2
0.2,0.08080944711120407,avg_node_load,spr2
0.2,0.024828550941218965,avg_link_load,spr2
0.3,0.13034326741979282,avg_node_load,spr2
0.3,0.04277304027509279,avg_link_load,spr2
0.4,0.21405387419672003,avg_node_load,spr2
0.4,0.07090836601011381,avg_link_load,spr2
0.5,0.35201902501259996,avg_node_load,spr2
0.5,0.12698284365576124,avg_link_load,spr2
0.1,0.14211839096806717,avg_node_load,gpasp
0.1,0.03224468829812921,avg_link_load,gpasp
0.2,0.25525455233899647,avg_node_load,gpasp
0.2,0.0827305289904349,avg_link_load,gpasp
0.3,0.30184772176028907,avg_node_load,gpasp
0.3,0.10907387524306073,avg_link_load,gpasp
0.4,0.3562282353111982,avg_node_load,gpasp
0.4,0.12754908371609708,avg_link_load,gpasp
0.5,0.5099962855574616,avg_node_load,gpasp
0.5,0.26014245428207206,avg_link_load,gpasp
0.1,0.1443282261581292,avg_node_load,spr2
0.1,0.030301545570427323,avg_link_load,spr2
0.2,0.25608049116498544,avg_node_load,spr2
0.2,0.05510055797306875,avg_link_load,spr2
0.3,0.301379450878828,avg_node_load,spr2
0.3,0.06891697486969661,avg_link_load,spr2
0.4,0.3632236538953263,avg_node_load,spr2
0.4,0.08409010669048515,avg_link_load,spr2
0.5,0.5246297832524074,avg_node_load,spr2
0.5,0.15565574542896535,avg_link_load,spr2
0.1,0.07647137836437357,avg_node_load,gpasp
0.1,0.025115745372531854,avg_link_load,gpasp
0.2,0.2186468477276554,avg_node_load,gpasp
0.2,0.10480908222188332,avg_link_load,gpasp
0.3,0.25695263171976235,avg_node_load,gpasp
0.3,0.13196267794948133,avg_link_load,gpasp
0.4,0.3655054396733015,avg_node_load,gpasp
0.4,0.19203641542060554,avg_link_load,gpasp
0.5,0.46351170293738125,avg_node_load,gpasp
0.5,0.2938639241897219,avg_link_load,gpasp
0.1,0.07023625982651271,avg_node_load,spr2
0.1,0.02085191659162734,avg_link_load,spr2
0.2,0.21091375364870385,avg_node_load,spr2
0.2,0.06318653207107452,avg_link_load,spr2
0.3,0.2619750988465559,avg_node_load,spr2
0.3,0.07836976570802398,avg_link_load,spr2
0.4,0.36175195773205904,avg_node_load,spr2
0.4,0.10955583597809754,avg_link_load,spr2
0.5,0.473589164239463,avg_node_load,spr2
0.5,0.179485614475712,avg_link_load,spr2
0.1,0.03480455188375979,avg_node_load,gpasp
0.1,0.00684992637194752,avg_link_load,gpasp
0.2,0.10876586655291873,avg_node_load,gpasp
0.2,0.028989874407711027,avg_link_load,gpasp
0.3,0.2819060987817312,avg_node_load,gpasp
0.3,0.09390124741185144,avg_link_load,gpasp
0.4,0.4158345239448288,avg_node_load,gpasp
0.4,0.1749056776305541,avg_link_load,gpasp
0.5,0.5351092566454628,avg_node_load,gpasp
0.5,0.25149890420326954,avg_link_load,gpasp
0.1,0.03438842990515711,avg_node_load,spr2
0.1,0.006556374302475294,avg_link_load,spr2
0.2,0.11623232147076389,avg_node_load,spr2
0.2,0.024913894946674855,avg_link_load,spr2
0.3,0.2977688199286537,avg_node_load,spr2
0.3,0.07040666953696711,avg_link_load,spr2
0.4,0.42206167762246793,avg_node_load,spr2
0.4,0.1048045558520629,avg_link_load,spr2
0.5,0.5532921845147802,avg_node_load,spr2
0.5,0.15610681271800533,avg_link_load,spr2
0.1,0.08026798190210455,avg_node_load,gpasp
0.1,0.02028340227369571,avg_link_load,gpasp
0.2,0.1818556338065558,avg_node_load,gpasp
0.2,0.055095835779487734,avg_link_load,gpasp
0.3,0.3352442743363477,avg_node_load,gpasp
0.3,0.12938345205160906,avg_link_load,gpasp
0.4,0.45552723710389553,avg_node_load,gpasp
0.4,0.23557455527192453,avg_link_load,gpasp
0.5,0.566758937562204,avg_node_load,gpasp
0.5,0.3488007172017699,avg_link_load,gpasp
0.1,0.08182529956427165,avg_node_load,spr2
0.1,0.016106782346006463,avg_link_load,spr2
0.2,0.18937024569814928,avg_node_load,spr2
0.2,0.03714965342419205,avg_link_load,spr2
0.3,0.3494385276669116,avg_node_load,spr2
0.3,0.07326440036777056,avg_link_load,spr2
0.4,0.47320176274351133,avg_node_load,spr2
0.4,0.11898500611250347,avg_link_load,spr2
0.5,0.5728076464927215,avg_node_load,spr2
0.5,0.18529839866827935,avg_link_load,spr2
0.1,0.07162265513449578,avg_node_load,gpasp
0.1,0.019908240657370724,avg_link_load,gpasp
0.2,0.21278701795702584,avg_node_load,gpasp
0.2,0.06412427049485213,avg_link_load,gpasp
0.3,0.288361421052393,avg_node_load,gpasp
0.3,0.09092462783774445,avg_link_load,gpasp
0.4,0.4512561835996576,avg_node_load,gpasp
0.4,0.18284544702364638,avg_link_load,gpasp
0.5,0.5141082076324289,avg_node_load,gpasp
0.5,0.22695675035576765,avg_link_load,gpasp
0.1,0.06803371223197405,avg_node_load,spr2
0.1,0.013045492214898462,avg_link_load,spr2
0.2,0.21702906422506846,avg_node_load,spr2
0.2,0.0417972562812977,avg_link_load,spr2
0.3,0.28918710014581883,avg_node_load,spr2
0.3,0.05520060991613662,avg_link_load,spr2
0.4,0.4546004351750626,avg_node_load,spr2
0.4,0.1083415078907368,avg_link_load,spr2
0.5,0.5242648783384678,avg_node_load,spr2
0.5,0.13375184124421238,avg_link_load,spr2
0.1,0.0812313205850458,avg_node_load,gpasp
0.1,0.022521019899476587,avg_link_load,gpasp
0.2,0.20929356037404828,avg_node_load,gpasp
0.2,0.06624701364863358,avg_link_load,gpasp
0.3,0.3402182454738627,avg_node_load,gpasp
0.3,0.11694897118612596,avg_link_load,gpasp
0.4,0.45448316723116344,avg_node_load,gpasp
0.4,0.20314632904447572,avg_link_load,gpasp
0.5,0.5780034650347595,avg_node_load,gpasp
0.5,0.3102586014721644,avg_link_load,gpasp
0.1,0.07800425543024274,avg_node_load,spr2
0.1,0.016479155863797543,avg_link_load,spr2
0.2,0.2204751428610966,avg_node_load,spr2
0.2,0.04980743989385152,avg_link_load,spr2
0.3,0.350538810445412,avg_node_load,spr2
0.3,0.08581822088106436,avg_link_load,spr2
0.4,0.4608929583486289,avg_node_load,spr2
0.4,0.13836128611837872,avg_link_load,spr2
0.5,0.5809806162784974,avg_node_load,spr2
0.5,0.2177525427344364,avg_link_load,spr2
0.1,0.2460692716978278,avg_node_load,gpasp
0.1,0.07164605795833341,avg_link_load,gpasp
0.2,0.36148814767021226,avg_node_load,gpasp
0.2,0.14276814331073437,avg_link_load,gpasp
0.3,0.4236070916227884,avg_node_load,gpasp
0.3,0.19567091203087555,avg_link_load,gpasp
0.4,0.469845768808315,avg_node_load,gpasp
0.4,0.2476500202927028,avg_link_load,gpasp
0.5,0.5399067982482236,avg_node_load,gpasp
0.5,0.3979663162208478,avg_link_load,gpasp
0.1,0.2465063615044613,avg_node_load,spr2
0.1,0.04240734701252053,avg_link_load,spr2
0.2,0.36732404855180323,avg_node_load,spr2
0.2,0.06652399418583006,avg_link_load,spr2
0.3,0.42478538944929584,avg_node_load,spr2
0.3,0.07983879382847388,avg_link_load,spr2
0.4,0.4907708811787172,avg_node_load,spr2
0.4,0.10123839120053135,avg_link_load,spr2
0.5,0.609082650350519,avg_node_load,spr2
0.5,0.15442153930191876,avg_link_load,spr2
0.1,0.09444448012537213,avg_node_load,gpasp
0.1,0.036556177117252585,avg_link_load,gpasp
0.2,0.15367706178004625,avg_node_load,gpasp
0.2,0.060800230488609316,avg_link_load,gpasp
0.3,0.2391676400815486,avg_node_load,gpasp
0.3,0.11153900066852042,avg_link_load,gpasp
0.4,0.38259918415284694,avg_node_load,gpasp
0.4,0.24092990351413232,avg_link_load,gpasp
0.5,0.4885598564974416,avg_node_load,gpasp
0.5,0.3845010749383732,avg_link_load,gpasp
0.1,0.0996425335169444,avg_node_load,spr2
0.1,0.021256574198755398,avg_link_load,spr2
0.2,0.15641036670372066,avg_node_load,spr2
0.2,0.033307676283446025,avg_link_load,spr2
0.3,0.2434475180826185,avg_node_load,spr2
0.3,0.05478407598313266,avg_link_load,spr2
0.4,0.4037551690724537,avg_node_load,spr2
0.4,0.11509700902895084,avg_link_load,spr2
0.5,0.5385899450716269,avg_node_load,spr2
0.5,0.17861517940861588,avg_link_load,spr2
0.1,0.15086742521952226,avg_node_load,gpasp
0.1,0.0393483538788802,avg_link_load,gpasp
0.2,0.21911421353568955,avg_node_load,gpasp
0.2,0.06429845914792945,avg_link_load,gpasp
0.3,0.40535222742168286,avg_node_load,gpasp
0.3,0.21652958502153388,avg_link_load,gpasp
0.4,0.49674004310069164,avg_node_load,gpasp
0.4,0.3294807984610164,avg_link_load,gpasp
0.5,0.5500149006159268,avg_node_load,gpasp
0.5,0.43633596817127474,avg_link_load,gpasp
0.1,0.14369676004443802,avg_node_load,spr2
0.1,0.0312584277136717,avg_link_load,spr2
0.2,0.2163317395738542,avg_node_load,spr2
0.2,0.04849111938746685,avg_link_load,spr2
0.3,0.42052135269271856,avg_node_load,spr2
0.3,0.11698124309332947,avg_link_load,spr2
0.4,0.5119338953839645,avg_node_load,spr2
0.4,0.17181976179230946,avg_link_load,spr2
0.5,0.6048896691750391,avg_node_load,spr2
0.5,0.24718640972679232,avg_link_load,spr2
0.1,0.08634145148669731,avg_node_load,gpasp
0.1,0.015266674761210968,avg_link_load,gpasp
0.2,0.3346558750283255,avg_node_load,gpasp
0.2,0.17409855281651437,avg_link_load,gpasp
0.3,0.4478751296935181,avg_node_load,gpasp
0.3,0.27103736816710017,avg_link_load,gpasp
0.4,0.5724609043137008,avg_node_load,gpasp
0.4,0.46361959429072647,avg_link_load,gpasp
0.5,0.6111221519085492,avg_node_load,gpasp
0.5,0.49887151462905,avg_link_load,gpasp
0.1,0.08441888619854676,avg_node_load,spr2
0.1,0.0104787509393003,avg_link_load,spr2
0.2,0.33500986193293963,avg_node_load,spr2
0.2,0.05550958248686254,avg_link_load,spr2
0.3,0.4815602728373939,avg_node_load,spr2
0.3,0.10088146081864352,avg_link_load,spr2
0.4,0.7107789724367156,avg_node_load,spr2
0.4,0.3170830974159667,avg_link_load,spr2
0.5,0.7347699640020304,avg_node_load,spr2
0.5,0.3996724518958103,avg_link_load,spr2
0.1,0.12951010355275927,avg_node_load,gpasp
0.1,0.0286470275007222,avg_link_load,gpasp
0.2,0.22784930671949458,avg_node_load,gpasp
0.2,0.056752422584990275,avg_link_load,gpasp
0.3,0.3475456869770819,avg_node_load,gpasp
0.3,0.10003470583290679,avg_link_load,gpasp
0.4,0.43746262876827374,avg_node_load,gpasp
0.4,0.1495053348853001,avg_link_load,gpasp
0.5,0.4812741845619599,avg_node_load,gpasp
0.5,0.1889420822109656,avg_link_load,gpasp
0.1,0.12682634138378165,avg_node_load,spr2
0.1,0.02937105381564062,avg_link_load,spr2
0.2,0.22934818749036884,avg_node_load,spr2
0.2,0.057794468883325484,avg_link_load,spr2
0.3,0.34584876914786966,avg_node_load,spr2
0.3,0.09538793046048459,avg_link_load,spr2
0.4,0.42566952315489737,avg_node_load,spr2
0.4,0.12566967185493735,avg_link_load,spr2
0.5,0.48780485197203116,avg_node_load,spr2
0.5,0.15116720015110682,avg_link_load,spr2
0.1,0.07474557229711988,avg_node_load,gpasp
0.1,0.0268977366986608,avg_link_load,gpasp
0.2,0.15304982471692316,avg_node_load,gpasp
0.2,0.06060941818247519,avg_link_load,gpasp
0.3,0.29487422723096807,avg_node_load,gpasp
0.3,0.15460359674339963,avg_link_load,gpasp
0.4,0.38372208554700243,avg_node_load,gpasp
0.4,0.225993767039265,avg_link_load,gpasp
0.5,0.44422302123434115,avg_node_load,gpasp
0.5,0.28719776265471697,avg_link_load,gpasp
0.1,0.0820036876918069,avg_node_load,spr2
0.1,0.019817371453418938,avg_link_load,spr2
0.2,0.15579656273232068,avg_node_load,spr2
0.2,0.03712773062019326,avg_link_load,spr2
0.3,0.3006326063314642,avg_node_load,spr2
0.3,0.0739141934295113,avg_link_load,spr2
0.4,0.4000793152503123,avg_node_load,spr2
0.4,0.10886424336132318,avg_link_load,spr2
0.5,0.49903444362233557,avg_node_load,spr2
0.5,0.15795894443108424,avg_link_load,spr2
0.1,0.11281065128947035,avg_node_load,gpasp
0.1,0.029724247540634487,avg_link_load,gpasp
0.2,0.22466346255190348,avg_node_load,gpasp
0.2,0.09274793109990319,avg_link_load,gpasp
0.3,0.35469029773293465,avg_node_load,gpasp
0.3,0.19426931709743034,avg_link_load,gpasp
0.4,0.39509543220038973,avg_node_load,gpasp
0.4,0.22213743515743672,avg_link_load,gpasp
0.5,0.4613041314139951,avg_node_load,gpasp
0.5,0.2794579170770353,avg_link_load,gpasp
0.1,0.11500926578445932,avg_node_load,spr2
0.1,0.02584026129602171,avg_link_load,spr2
0.2,0.23355854211318516,avg_node_load,spr2
0.2,0.057098422067330706,avg_link_load,spr2
0.3,0.34983799774609886,avg_node_load,spr2
0.3,0.09496206723835832,avg_link_load,spr2
0.4,0.423932623460971,avg_node_load,spr2
0.4,0.12617305280245472,avg_link_load,spr2
0.5,0.48881978112690966,avg_node_load,spr2
0.5,0.15997355131683041,avg_link_load,spr2
0.1,0.07991462498692639,avg_node_load,gpasp
0.1,0.014432923199752333,avg_link_load,gpasp
0.2,0.20453378520883506,avg_node_load,gpasp
0.2,0.04584185594637738,avg_link_load,gpasp
0.3,0.2875522841220051,avg_node_load,gpasp
0.3,0.07117873548294608,avg_link_load,gpasp
0.4,0.4295469420498494,avg_node_load,gpasp
0.4,0.1328579562643778,avg_link_load,gpasp
0.5,0.5360918055480488,avg_node_load,gpasp
0.5,0.21459011714608925,avg_link_load,gpasp
0.1,0.08099608380030437,avg_node_load,spr2
0.1,0.016708509362868263,avg_link_load,spr2
0.2,0.2077932845597529,avg_node_load,spr2
0.2,0.048981383404261766,avg_link_load,spr2
0.3,0.2888357795624474,avg_node_load,spr2
0.3,0.06977296065343042,avg_link_load,spr2
0.4,0.4293592691257649,avg_node_load,spr2
0.4,0.1144703047240574,avg_link_load,spr2
0.5,0.5406665935774476,avg_node_load,spr2
0.5,0.16591605829632558,avg_link_load,spr2
0.1,0.14547332918065448,avg_node_load,gpasp
0.1,0.024532155915023477,avg_link_load,gpasp
0.2,0.2960001680601683,avg_node_load,gpasp
0.2,0.07901689632474627,avg_link_load,gpasp
0.3,0.4305526856930173,avg_node_load,gpasp
0.3,0.17780783003377904,avg_link_load,gpasp
0.4,0.6098082279573258,avg_node_load,gpasp
0.4,0.37583081810668145,avg_link_load,gpasp
0.5,0.6687981365511214,avg_node_load,gpasp
0.5,0.447983434873641,avg_link_load,gpasp
0.1,0.15089855219195752,avg_node_load,spr2
0.1,0.02319030686641087,avg_link_load,spr2
0.2,0.30526906889866523,avg_node_load,spr2
0.2,0.0509896624015039,avg_link_load,spr2
0.3,0.44505121504730016,avg_node_load,spr2
0.3,0.09642554370863067,avg_link_load,spr2
0.4,0.6383630643086867,avg_node_load,spr2
0.4,0.22791553025870706,avg_link_load,spr2
0.5,0.68004827641594,avg_node_load,spr2
0.5,0.29006771813460636,avg_link_load,spr2
0.1,0.0989130137220773,avg_node_load,gpasp
0.1,0.017283032849656824,avg_link_load,gpasp
0.2,0.21141330087601182,avg_node_load,gpasp
0.2,0.03918567766640851,avg_link_load,gpasp
0.3,0.2607426932674862,avg_node_load,gpasp
0.3,0.05190193324926552,avg_link_load,gpasp
0.4,0.32903933005244845,avg_node_load,gpasp
0.4,0.07020256534348973,avg_link_load,gpasp
0.5,0.44805197474867525,avg_node_load,gpasp
0.5,0.12775182035782456,avg_link_load,gpasp
0.1,0.10515753443874226,avg_node_load,spr2
0.1,0.019574980626848603,avg_link_load,spr2
0.2,0.20996652796647916,avg_node_load,spr2
0.2,0.04065863552598788,avg_link_load,spr2
0.3,0.2507879384148047,avg_node_load,spr2
0.3,0.05033945503083859,avg_link_load,spr2
0.4,0.3278406169665798,avg_node_load,spr2
0.4,0.0728570339508908,avg_link_load,spr2
0.5,0.44321350723172226,avg_node_load,spr2
0.5,0.10354520398675483,avg_link_load,spr2
0.1,0.1381348769982113,avg_node_load,gpasp
0.1,0.033973720562083615,avg_link_load,gpasp
0.2,0.2520890379768064,avg_node_load,gpasp
0.2,0.08429310916524085,avg_link_load,gpasp
0.3,0.333748614823015,avg_node_load,gpasp
0.3,0.12975404688960135,avg_link_load,gpasp
0.4,0.3711354914331543,avg_node_load,gpasp
0.4,0.14902777238390116,avg_link_load,gpasp
0.5,0.46839419778786584,avg_node_load,gpasp
0.5,0.25313582582619554,avg_link_load,gpasp
0.1,0.14407292095008808,avg_node_load,spr2
0.1,0.03458344592610029,avg_link_load,spr2
0.2,0.2529574050648146,avg_node_load,spr2
0.2,0.06360427813717859,avg_link_load,spr2
0.3,0.34713211780162256,avg_node_load,spr2
0.3,0.09452777812208146,avg_link_load,spr2
0.4,0.379712967082648,avg_node_load,spr2
0.4,0.11464703938979452,avg_link_load,spr2
0.5,0.4804418466505794,avg_node_load,spr2
0.5,0.1552404370867026,avg_link_load,spr2
0.1,0.11331989367594392,avg_node_load,gpasp
0.1,0.052602864059573845,avg_link_load,gpasp
0.2,0.2813793661469698,avg_node_load,gpasp
0.2,0.1606613842189944,avg_link_load,gpasp
0.3,0.36594969797953236,avg_node_load,gpasp
0.3,0.2389236239123628,avg_link_load,gpasp
0.4,0.4888827714970991,avg_node_load,gpasp
0.4,0.37250083461010813,avg_link_load,gpasp
0.5,0.5605752562268861,avg_node_load,gpasp
0.5,0.4504417983812916,avg_link_load,gpasp
0.1,0.11764997780410419,avg_node_load,spr2
0.1,0.02748523385542363,avg_link_load,spr2
0.2,0.2976054995522892,avg_node_load,spr2
0.2,0.07324798881284841,avg_link_load,spr2
0.3,0.39050391675711327,avg_node_load,spr2
0.3,0.10763948907746343,avg_link_load,spr2
0.4,0.5287770364764081,avg_node_load,spr2
0.4,0.19106333940841752,avg_link_load,spr2
0.5,0.6200160717653389,avg_node_load,spr2
0.5,0.27533852292550626,avg_link_load,spr2
0.1,0.12794715641167534,avg_node_load,gpasp
0.1,0.02648619936991283,avg_link_load,gpasp
0.2,0.235909327475872,avg_node_load,gpasp
0.2,0.05255585397258462,avg_link_load,gpasp
0.3,0.37233326033719555,avg_node_load,gpasp
0.3,0.1094288748103752,avg_link_load,gpasp
0.4,0.5041106115114391,avg_node_load,gpasp
0.4,0.19554299521251547,avg_link_load,gpasp
0.5,0.6302351331818516,avg_node_load,gpasp
0.5,0.34702780926673027,avg_link_load,gpasp
0.1,0.12353793317881094,avg_node_load,spr2
0.1,0.02255414796064568,avg_link_load,spr2
0.2,0.22484911799738028,avg_node_load,spr2
0.2,0.042036735137485445,avg_link_load,spr2
0.3,0.3756689336305236,avg_node_load,spr2
0.3,0.07628776715103708,avg_link_load,spr2
0.4,0.5036366748706255,avg_node_load,spr2
0.4,0.12820075401912492,avg_link_load,spr2
0.5,0.6358767636470194,avg_node_load,spr2
0.5,0.20899371294274896,avg_link_load,spr2
0.1,0.11904509719399806,avg_node_load,gpasp
0.1,0.03220503640660744,avg_link_load,gpasp
0.2,0.22060877929585304,avg_node_load,gpasp
0.2,0.07749183546330497,avg_link_load,gpasp
0.3,0.3323464174454847,avg_node_load,gpasp
0.3,0.162171753142122,avg_link_load,gpasp
0.4,0.46281977339277847,avg_node_load,gpasp
0.4,0.30104154486,avg_link_load,gpasp
0.5,0.5270629493493854,avg_node_load,gpasp
0.5,0.3940640314130235,avg_link_load,gpasp
0.1,0.11301753606163559,avg_node_load,spr2
0.1,0.019887717823153378,avg_link_load,spr2
0.2,0.2369782386301532,avg_node_load,spr2
0.2,0.04161269905853428,avg_link_load,spr2
0.3,0.3567403477748357,avg_node_load,spr2
0.3,0.07137661938261641,avg_link_load,spr2
0.4,0.5100883167080164,avg_node_load,spr2
0.4,0.11299622765709565,avg_link_load,spr2
0.5,0.6040292315436806,avg_node_load,spr2
0.5,0.1630113078269375,avg_link_load,spr2
0.1,0.06186614800551123,avg_node_load,gpasp
0.1,0.02361670949358361,avg_link_load,gpasp
0.2,0.2802992938075442,avg_node_load,gpasp
0.2,0.12779686357542305,avg_link_load,gpasp
0.3,0.36818759867795475,avg_node_load,gpasp
0.3,0.17516893684856794,avg_link_load,gpasp
0.4,0.429301774683658,avg_node_load,gpasp
0.4,0.22226501654933414,avg_link_load,gpasp
0.5,0.5150423161207138,avg_node_load,gpasp
0.5,0.2548253881642628,avg_link_load,gpasp
0.1,0.059002301211465456,avg_node_load,spr2
0.1,0.016329866104774982,avg_link_load,spr2
0.2,0.28001867413632814,avg_node_load,spr2
0.2,0.06493212570197342,avg_link_load,spr2
0.3,0.3840759862190284,avg_node_load,spr2
0.3,0.08881745911681686,avg_link_load,spr2
0.4,0.4460368247000745,avg_node_load,spr2
0.4,0.10964875888940302,avg_link_load,spr2
0.5,0.5253061893636757,avg_node_load,spr2
0.5,0.14346673373126437,avg_link_load,spr2
0.1,0.12089197606466094,avg_node_load,gpasp
0.1,0.04275735087979697,avg_link_load,gpasp
0.2,0.2536790349978141,avg_node_load,gpasp
0.2,0.12148400498545917,avg_link_load,gpasp
0.3,0.41028852902497903,avg_node_load,gpasp
0.3,0.24327072559408935,avg_link_load,gpasp
0.4,0.495718678404583,avg_node_load,gpasp
0.4,0.3213064811705221,avg_link_load,gpasp
0.5,0.5896301752602328,avg_node_load,gpasp
0.5,0.40009861457991824,avg_link_load,gpasp
0.1,0.12893782483487176,avg_node_load,spr2
0.1,0.02100952427182488,avg_link_load,spr2
0.2,0.2591773495738722,avg_node_load,spr2
0.2,0.04507338211604433,avg_link_load,spr2
0.3,0.4272451646994704,avg_node_load,spr2
0.3,0.08308836032810227,avg_link_load,spr2
0.4,0.526432293032648,avg_node_load,spr2
0.4,0.11953260824784602,avg_link_load,spr2
0.5,0.6529928461977716,avg_node_load,spr2
0.5,0.20000816466236973,avg_link_load,spr2
0.1,0.11392443045612449,avg_node_load,gpasp
0.1,0.03957174546780757,avg_link_load,gpasp
0.2,0.20507304961744147,avg_node_load,gpasp
0.2,0.08400490123085971,avg_link_load,gpasp
0.3,0.28803181636151054,avg_node_load,gpasp
0.3,0.12251930275725831,avg_link_load,gpasp
0.4,0.28803181636151054,avg_node_load,gpasp
0.4,0.12251930275725831,avg_link_load,gpasp
0.5,0.374035205924668,avg_node_load,gpasp
0.5,0.1777578042643622,avg_link_load,gpasp
0.1,0.11147358278464731,avg_node_load,spr2
0.1,0.027808717075004725,avg_link_load,spr2
0.2,0.21495415081054478,avg_node_load,spr2
0.2,0.05432722574496449,avg_link_load,spr2
0.3,0.29060557838029427,avg_node_load,spr2
0.3,0.07452290216097021,avg_link_load,spr2
0.4,0.29060557838029427,avg_node_load,spr2
0.4,0.07452290216097021,avg_link_load,spr2
0.5,0.37429867346276824,avg_node_load,spr2
0.5,0.09547006923541417,avg_link_load,spr2
