0,0.0,avg_node_load,gpasp
0,0.0,avg_link_load,gpasp
100,0.313776387429555,avg_node_load,gpasp
100,0.06657297736173472,avg_link_load,gpasp
200,0.3179178101898943,avg_node_load,gpasp
200,0.06829847431868126,avg_link_load,gpasp
300,0.32280087002871916,avg_node_load,gpasp
300,0.07089074199283787,avg_link_load,gpasp
400,0.3253966252705366,avg_node_load,gpasp
400,0.07216890107657986,avg_link_load,gpasp
500,0.3279455756556941,avg_node_load,gpasp
500,0.073133390471753,avg_link_load,gpasp
600,0.32771244319365433,avg_node_load,gpasp
600,0.07389712560382378,avg_link_load,gpasp
700,0.32883837451813536,avg_node_load,gpasp
700,0.07478637210446815,avg_link_load,gpasp
800,0.3296255974338326,avg_node_load,gpasp
800,0.07604845763164995,avg_link_load,gpasp
900,0.33004478471323395,avg_node_load,gpasp
900,0.07713872552291261,avg_link_load,gpasp
1000,0.33010462886546094,avg_node_load,gpasp
1000,0.07747646180442398,avg_link_load,gpasp
0,0.0,avg_node_load,spr2
0,0.0,avg_link_load,spr2
100,0.2924570152940037,avg_node_load,spr2
100,0.06776181881511036,avg_link_load,spr2
200,0.29714011698735043,avg_node_load,spr2
200,0.07371358545232584,avg_link_load,spr2
300,0.2999184462966657,avg_node_load,spr2
300,0.07578149783693208,avg_link_load,spr2
400,0.30755387241519033,avg_node_load,spr2
400,0.0814951555110701,avg_link_load,spr2
500,0.3148263335256072,avg_node_load,spr2
500,0.08680286353661268,avg_link_load,spr2
600,0.3165061477883232,avg_node_load,spr2
600,0.08850304498806214,avg_link_load,spr2
700,0.3191282868284982,avg_node_load,spr2
700,0.08967583163062048,avg_link_load,spr2
800,0.3249728803988358,avg_node_load,spr2
800,0.0928358186776036,avg_link_load,spr2
900,0.32705950020544117,avg_node_load,spr2
900,0.09447418195573991,avg_link_load,spr2
1000,0.3290322135734381,avg_node_load,spr2
1000,0.09618973853072833,avg_link_load,spr2
0,0.0,avg_node_load,gpasp
0,0.0,avg_link_load,gpasp
100,0.24031202127352116,avg_node_load,gpasp
100,0.05691264175121166,avg_link_load,gpasp
200,0.2594000988706857,avg_node_load,gpasp
200,0.06706334786432874,avg_link_load,gpasp
300,0.2640436029688149,avg_node_load,gpasp
300,0.0704857494075454,avg_link_load,gpasp
400,0.26650275105296356,avg_node_load,gpasp
400,0.0714383840639491,avg_link_load,gpasp
500,0.26412750052773054,avg_node_load,gpasp
500,0.07043105310866302,avg_link_load,gpasp
600,0.26306944242851166,avg_node_load,gpasp
600,0.06966407475756943,avg_link_load,gpasp
700,0.26665066484057254,avg_node_load,gpasp
700,0.07103254136060172,avg_link_load,gpasp
800,0.2661764683133254,avg_node_load,gpasp
800,0.07072002153335392,avg_link_load,gpasp
900,0.2679289005132426,avg_node_load,gpasp
900,0.07111880191291169,avg_link_load,gpasp
1000,0.2685084450579905,avg_node_load,gpasp
1000,0.07176412790897548,avg_link_load,gpasp
0,0.0,avg_node_load,spr2
0,0.0,avg_link_load,spr2
100,0.2748065887245533,avg_node_load,spr2
100,0.08101800415192938,avg_link_load,spr2
200,0.27258771310495183,avg_node_load,spr2
200,0.08668709461812867,avg_link_load,spr2
300,0.2655365203761733,avg_node_load,spr2
300,0.08422689655172384,avg_link_load,spr2
400,0.25996154243237474,avg_node_load,spr2
400,0.08255359187580803,avg_link_load,spr2
500,0.2599838942357015,avg_node_load,spr2
500,0.08272071086824741,avg_link_load,spr2
600,0.26094261659636925,avg_node_load,spr2
600,0.0826470582154951,avg_link_load,spr2
700,0.26013192863192586,avg_node_load,spr2
700,0.083302325765794,avg_link_load,spr2
800,0.26283579775473526,avg_node_load,spr2
800,0.08450012728856093,avg_link_load,spr2
900,0.2617348903652145,avg_node_load,spr2
900,0.08365784049631532,avg_link_load,spr2
1000,0.2627254478472224,avg_node_load,spr2
1000,0.08352911869183202,avg_link_load,spr2
0,0.0,avg_node_load,gpasp
0,0.0,avg_link_load,gpasp
100,0.3356667865769112,avg_node_load,gpasp
100,0.08297713140449146,avg_link_load,gpasp
200,0.3412413888058031,avg_node_load,gpasp
200,0.08683096975538085,avg_link_load,gpasp
300,0.34415035060698995,avg_node_load,gpasp
300,0.09016951896700297,avg_link_load,gpasp
400,0.34869398187207196,avg_node_load,gpasp
400,0.09310371897657045,avg_link_load,gpasp
500,0.35054584566224806,avg_node_load,gpasp
500,0.09374543561379495,avg_link_load,gpasp
600,0.3511503941972694,avg_node_load,gpasp
600,0.09291275686671371,avg_link_load,gpasp
700,0.34908358536656675,avg_node_load,gpasp
700,0.09216128590112548,avg_link_load,gpasp
800,0.3530456302069331,avg_node_load,gpasp
800,0.09309694986318749,avg_link_load,gpasp
900,0.35614421571815,avg_node_load,gpasp
900,0.09555254145928475,avg_link_load,gpasp
1000,0.3576328033255875,avg_node_load,gpasp
1000,0.09607385605518613,avg_link_load,gpasp
0,0.0,avg_node_load,spr2
0,0.0,avg_link_load,spr2
100,0.3141564132565212,avg_node_load,spr2
100,0.09478031245885588,avg_link_load,spr2
200,0.34365619934919356,avg_node_load,spr2
200,0.12658090312576148,avg_link_load,spr2
300,0.34627519156530273,avg_node_load,spr2
300,0.12939872149272072,avg_link_load,spr2
400,0.34632295085695086,avg_node_load,spr2
400,0.12709352819743133,avg_link_load,spr2
500,0.34226410563637377,avg_node_load,spr2
500,0.12465074966247487,avg_link_load,spr2
600,0.34328413148679887,avg_node_load,spr2
600,0.12496978756467246,avg_link_load,spr2
700,0.3453456531562809,avg_node_load,spr2
700,0.12646858778272255,avg_link_load,spr2
800,0.34737329808377987,avg_node_load,spr2
800,0.1266674550765331,avg_link_load,spr2
900,0.3470370402999011,avg_node_load,spr2
900,0.12580191411251465,avg_link_load,spr2
1000,0.3494908282056789,avg_node_load,spr2
1000,0.1279780431613624,avg_link_load,spr2
0,0.0,avg_node_load,gpasp
0,0.0,avg_link_load,gpasp
100,0.29958865744792607,avg_node_load,gpasp
100,0.0749937069173896,avg_link_load,gpasp
200,0.312602422617199,avg_node_load,gpasp
200,0.08225354587578237,avg_link_load,gpasp
300,0.3066804727523199,avg_node_load,gpasp
300,0.08095217052637903,avg_link_load,gpasp
400,0.30029324506417504,avg_node_load,gpasp
400,0.07760897034267282,avg_link_load,gpasp
500,0.30701777059772917,avg_node_load,gpasp
500,0.07931942138785275,avg_link_load,gpasp
600,0.3102618457287582,avg_node_load,gpasp
600,0.08208972775485475,avg_link_load,gpasp
700,0.31280345745797405,avg_node_load,gpasp
700,0.08375667065596258,avg_link_load,gpasp
800,0.3121637043495413,avg_node_load,gpasp
800,0.08277611302825734,avg_link_load,gpasp
900,0.31036090119357324,avg_node_load,gpasp
900,0.0815187691838112,avg_link_load,gpasp
1000,0.3112944320634633,avg_node_load,gpasp
1000,0.08207686795278152,avg_link_load,gpasp
0,0.0,avg_node_load,spr2
0,0.0,avg_link_load,spr2
100,0.2784262603275104,avg_node_load,spr2
100,0.06746265604643874,avg_link_load,spr2
200,0.30344457225518606,avg_node_load,spr2
200,0.08642620817465939,avg_link_load,spr2
300,0.31088135349094626,avg_node_load,spr2
300,0.09562805849550415,avg_link_load,spr2
400,0.30813150406907525,avg_node_load,spr2
400,0.09360221793315651,avg_link_load,spr2
500,0.308656375631202,avg_node_load,spr2
500,0.09326539312997642,avg_link_load,spr2
600,0.3105946300186818,avg_node_load,spr2
600,0.09629130767204493,avg_link_load,spr2
700,0.31404112126719097,avg_node_load,spr2
700,0.09938129216266739,avg_link_load,spr2
800,0.3144282517005816,avg_node_load,spr2
800,0.09854916886679214,avg_link_load,spr2
900,0.3152732795405146,avg_node_load,spr2
900,0.09940975610581194,avg_link_load,spr2
1000,0.3175662196273841,avg_node_load,spr2
1000,0.10047358828742549,avg_link_load,spr2
0,0.0,avg_node_load,gpasp
0,0.0,avg_link_load,gpasp
100,0.2610797060486157,avg_node_load,gpasp
100,0.06327540307189833,avg_link_load,gpasp
200,0.2803262864133255,avg_node_load,gpasp
200,0.07340065924170205,avg_link_load,gpasp
300,0.2780445431880068,avg_node_load,gpasp
300,0.07562987308574143,avg_link_load,gpasp
400,0.2817410487801025,avg_node_load,gpasp
400,0.07658271711224202,avg_link_load,gpasp
500,0.29002190893502494,avg_node_load,gpasp
500,0.08139405918587721,avg_link_load,gpasp
600,0.290826704567908,avg_node_load,gpasp
600,0.08208827196124553,avg_link_load,gpasp
700,0.2913323526639565,avg_node_load,gpasp
700,0.0828003047480564,avg_link_load,gpasp
800,0.29348833821364495,avg_node_load,gpasp
800,0.08405707792491685,avg_link_load,gpasp
900,0.2948953817664697,avg_node_load,gpasp
900,0.08478815717033937,avg_link_load,gpasp
1000,0.2958500690256822,avg_node_load,gpasp
1000,0.08559764984785186,avg_link_load,gpasp
0,0.0,avg_node_load,spr2
0,0.0,avg_link_load,spr2
100,0.26980816793736584,avg_node_load,spr2
100,0.07161164823634422,avg_link_load,spr2
200,0.2806243908135724,avg_node_load,spr2
200,0.0866354044548652,avg_link_load,spr2
300,0.281546736176315,avg_node_load,spr2
300,0.09040550226286607,avg_link_load,spr2
400,0.28646728167948277,avg_node_load,spr2
400,0.09814510572011931,avg_link_load,spr2
500,0.29912179307799724,avg_node_load,spr2
500,0.10732263617361272,avg_link_load,spr2
600,0.30246094510429344,avg_node_load,spr2
600,0.11011259080799372,avg_link_load,spr2
700,0.3020617103296601,avg_node_load,spr2
700,0.11031498955929062,avg_link_load,spr2
800,0.3039353927189584,avg_node_load,spr2
800,0.11151868833431912,avg_link_load,spr2
900,0.3042115710148868,avg_node_load,spr2
900,0.11116276125580371,avg_link_load,spr2
1000,0.304774065073625,avg_node_load,spr2
1000,0.11183874946469938,avg_link_load,spr2
0,0.0,avg_node_load,gpasp
0,0.0,avg_link_load,gpasp
100,0.2955276262449311,avg_node_load,gpasp
100,0.07073353018701097,avg_link_load,gpasp
200,0.31938052608310663,avg_node_load,gpasp
200,0.08233583849101075,avg_link_load,gpasp
300,0.3298503941136297,avg_node_load,gpasp
300,0.08488582064770861,avg_link_load,gpasp
400,0.3348023170212848,avg_node_load,gpasp
400,0.08793364121662191,avg_link_load,gpasp
500,0.3391106236940565,avg_node_load,gpasp
500,0.09156926981996094,avg_link_load,gpasp
600,0.34008591896436313,avg_node_load,gpasp
600,0.09260086675814672,avg_link_load,gpasp
700,0.3408742995316866,avg_node_load,gpasp
700,0.09277889035621396,avg_link_load,gpasp
800,0.3432377210740388,avg_node_load,gpasp
800,0.09493250982585086,avg_link_load,gpasp
900,0.3424745541506896,avg_node_load,gpasp
900,0.09483132074968996,avg_link_load,gpasp
1000,0.34070437502369744,avg_node_load,gpasp
1000,0.0944643960761328,avg_link_load,gpasp
0,0.0,avg_node_load,spr2
0,0.0,avg_link_load,spr2
100,0.3282430985824114,avg_node_load,spr2
100,0.09665006866275236,avg_link_load,spr2
200,0.33982850042351903,avg_node_load,spr2
200,0.10566214782447507,avg_link_load,spr2
300,0.3389222091586889,avg_node_load,spr2
300,0.10417629481906981,avg_link_load,spr2
400,0.346108003734731,avg_node_load,spr2
400,0.11113669965447158,avg_link_load,spr2
500,0.351298054727677,avg_node_load,spr2
500,0.11809737925935108,avg_link_load,spr2
600,0.3513962482163886,avg_node_load,spr2
600,0.11989629307623256,avg_link_load,spr2
700,0.3503387673979017,avg_node_load,spr2
700,0.12134208757690235,avg_link_load,spr2
800,0.34908732493820616,avg_node_load,spr2
800,0.12043363203819983,avg_link_load,spr2
900,0.34671189528730684,avg_node_load,spr2
900,0.11925536111234239,avg_link_load,spr2
1000,0.34588267382480764,avg_node_load,spr2
1000,0.11810703544774036,avg_link_load,spr2
0,0.0,avg_node_load,gpasp
0,0.0,avg_link_load,gpasp
100,0.22226184411614747,avg_node_load,gpasp
100,0.05526809188375748,avg_link_load,gpasp
200,0.21984667656219864,avg_node_load,gpasp
200,0.057878982877310026,avg_link_load,gpasp
300,0.2246673158065642,avg_node_load,gpasp
300,0.05802396594627068,avg_link_load,gpasp
400,0.2330740961972889,avg_node_load,gpasp
400,0.06148134376083723,avg_link_load,gpasp
500,0.2402683292630723,avg_node_load,gpasp
500,0.06381690908586948,avg_link_load,gpasp
600,0.23847912671485588,avg_node_load,gpasp
600,0.06387740707017728,avg_link_load,gpasp
700,0.2386112527253222,avg_node_load,gpasp
700,0.06403348121472384,avg_link_load,gpasp
800,0.23848341902920098,avg_node_load,gpasp
800,0.06407794078337022,avg_link_load,gpasp
900,0.23858822010899342,avg_node_load,gpasp
900,0.06438101400420389,avg_link_load,gpasp
1000,0.23806918824880524,avg_node_load,gpasp
1000,0.06409578259794414,avg_link_load,gpasp
0,0.0,avg_node_load,spr2
0,0.0,avg_link_load,spr2
100,0.20701355640432298,avg_node_load,spr2
100,0.05806220524683075,avg_link_load,spr2
200,0.21790141858220174,avg_node_load,spr2
200,0.0633407427088936,avg_link_load,spr2
300,0.21727156115597263,avg_node_load,spr2
300,0.06518834310051404,avg_link_load,spr2
400,0.22279104790301635,avg_node_load,spr2
400,0.06647781154769104,avg_link_load,spr2
500,0.226589005353266,avg_node_load,spr2
500,0.06824424242567644,avg_link_load,spr2
600,0.23249467503310486,avg_node_load,spr2
600,0.07093701507621246,avg_link_load,spr2
700,0.23510598666619476,avg_node_load,spr2
700,0.07211001411650327,avg_link_load,spr2
800,0.23693665413350268,avg_node_load,spr2
800,0.07272951335045699,avg_link_load,spr2
900,0.23940214781561736,avg_node_load,spr2
900,0.07352085472653162,avg_link_load,spr2
1000,0.23869862104368758,avg_node_load,spr2
1000,0.07349863697514586,avg_link_load,spr2
0,0.0,avg_node_load,gpasp
0,0.0,avg_link_load,gpasp
100,0.3535338174352767,avg_node_load,gpasp
100,0.08580244332078742,avg_link_load,gpasp
200,0.38046669183657167,avg_node_load,gpasp
200,0.11099004390748617,avg_link_load,gpasp
300,0.38868078397630873,avg_node_load,gpasp
300,0.11512445451310939,avg_link_load,gpasp
400,0.39517433854140616,avg_node_load,gpasp
400,0.11838284103430992,avg_link_load,gpasp
500,0.39811875238638367,avg_node_load,gpasp
500,0.11962269682004072,avg_link_load,gpasp
600,0.40110701586070235,avg_node_load,gpasp
600,0.12056899602606341,avg_link_load,gpasp
700,0.40209289282602045,avg_node_load,gpasp
700,0.12201796926507948,avg_link_load,gpasp
800,0.40481505449526856,avg_node_load,gpasp
800,0.12432556577507693,avg_link_load,gpasp
900,0.40681797712709633,avg_node_load,gpasp
900,0.1251854969334734,avg_link_load,gpasp
1000,0.4061766426823,avg_node_load,gpasp
1000,0.12535137679549088,avg_link_load,gpasp
0,0.0,avg_node_load,spr2
0,0.0,avg_link_load,spr2
100,0.345759665621737,avg_node_load,spr2
100,0.09782677348194592,avg_link_load,spr2
200,0.36885234695428104,avg_node_load,spr2
200,0.12640684591624823,avg_link_load,spr2
300,0.3784818789681478,avg_node_load,spr2
300,0.14385899523711065,avg_link_load,spr2
400,0.3868065200408042,avg_node_load,spr2
400,0.15378803990075401,avg_link_load,spr2
500,0.3862819688620955,avg_node_load,spr2
500,0.15922650794335377,avg_link_load,spr2
600,0.3903432169229365,avg_node_load,spr2
600,0.1647868912570962,avg_link_load,spr2
700,0.39185484728630227,avg_node_load,spr2
700,0.16911328361164008,avg_link_load,spr2
800,0.3909300439341889,avg_node_load,spr2
800,0.16783891727080555,avg_link_load,spr2
900,0.39188633386273214,avg_node_load,spr2
900,0.16943460419153203,avg_link_load,spr2
1000,0.3960914311131642,avg_node_load,spr2
1000,0.17387095743960965,avg_link_load,spr2
0,0.0,avg_node_load,gpasp
0,0.0,avg_link_load,gpasp
100,0.2435946875750087,avg_node_load,gpasp
100,0.0514072059098061,avg_link_load,gpasp
200,0.24906303054513168,avg_node_load,gpasp
200,0.055327873919887575,avg_link_load,gpasp
300,0.25327250202288215,avg_node_load,gpasp
300,0.05589342939560337,avg_link_load,gpasp
400,0.25129930786306093,avg_node_load,gpasp
400,0.05544308713296264,avg_link_load,gpasp
500,0.25384721493815493,avg_node_load,gpasp
500,0.056209500604576884,avg_link_load,gpasp
600,0.2532160168024887,avg_node_load,gpasp
600,0.05611967087560533,avg_link_load,gpasp
700,0.2551279692625856,avg_node_load,gpasp
700,0.05660716199240531,avg_link_load,gpasp
800,0.2547664817822961,avg_node_load,gpasp
800,0.056929931909807434,avg_link_load,gpasp
900,0.2542004504165451,avg_node_load,gpasp
900,0.05660851797099753,avg_link_load,gpasp
1000,0.2519646349446436,avg_node_load,gpasp
1000,0.055997824300520825,avg_link_load,gpasp
0,0.0,avg_node_load,spr2
0,0.0,avg_link_load,spr2
100,0.22532658585383397,avg_node_load,spr2
100,0.05288306548280647,avg_link_load,spr2
200,0.24431086291426551,avg_node_load,spr2
200,0.06579508126689465,avg_link_load,spr2
300,0.25043099110603606,avg_node_load,spr2
300,0.06847939721394221,avg_link_load,spr2
400,0.24888390890955833,avg_node_load,spr2
400,0.06897275404371472,avg_link_load,spr2
500,0.2565447899840876,avg_node_load,spr2
500,0.07179095918418252,avg_link_load,spr2
600,0.2551675407362315,avg_node_load,spr2
600,0.07132604839337614,avg_link_load,spr2
700,0.25278504570108606,avg_node_load,spr2
700,0.0706429121346664,avg_link_load,spr2
800,0.2514727038016828,avg_node_load,spr2
800,0.06974114803338226,avg_link_load,spr2
900,0.25583031657852473,avg_node_load,spr2
900,0.07175492273215142,avg_link_load,spr2
1000,0.2550330075175146,avg_node_load,spr2
1000,0.07122961145637002,avg_link_load,spr2
0,0.0,avg_node_load,gpasp
0,0.0,avg_link_load,gpasp
100,0.3325622559268927,avg_node_load,gpasp
100,0.08035164964838738,avg_link_load,gpasp
200,0.32982578724246747,avg_node_load,gpasp
200,0.08331291030728374,avg_link_load,gpasp
300,0.3318522421662688,avg_node_load,gpasp
300,0.08544937989429523,avg_link_load,gpasp
400,0.3327001368823528,avg_node_load,gpasp
400,0.0863020503784219,avg_link_load,gpasp
500,0.33402600680719874,avg_node_load,gpasp
500,0.08702438881064951,avg_link_load,gpasp
600,0.34120554613699655,avg_node_load,gpasp
600,0.09195032426223487,avg_link_load,gpasp
700,0.3402702423252463,avg_node_load,gpasp
700,0.09208075365858538,avg_link_load,gpasp
800,0.3437665689461637,avg_node_load,gpasp
800,0.0944860643471754,avg_link_load,gpasp
900,0.34426005747125865,avg_node_load,gpasp
900,0.09478467575913609,avg_link_load,gpasp
1000,0.346612114089961,avg_node_load,gpasp
1000,0.09556088088042092,avg_link_load,gpasp
0,0.0,avg_node_load,spr2
0,0.0,avg_link_load,spr2
100,0.32586849931677353,avg_node_load,spr2
100,0.0895112933043969,avg_link_load,spr2
200,0.3211354537366468,avg_node_load,spr2
200,0.09543100891724975,avg_link_load,spr2
300,0.31943526331318267,avg_node_load,spr2
300,0.10185246989649657,avg_link_load,spr2
400,0.31730921212142765,avg_node_load,spr2
400,0.10268651246809653,avg_link_load,spr2
500,0.318912490343861,avg_node_load,spr2
500,0.10380953766461604,avg_link_load,spr2
600,0.32139740333420297,avg_node_load,spr2
600,0.10614430609174526,avg_link_load,spr2
700,0.32298981272232263,avg_node_load,spr2
700,0.10629974950207793,avg_link_load,spr2
800,0.3237177722362392,avg_node_load,spr2
800,0.10699785221775844,avg_link_load,spr2
900,0.3242801552783294,avg_node_load,spr2
900,0.10771310789310758,avg_link_load,spr2
1000,0.3252877048014843,avg_node_load,spr2
1000,0.10872808179142598,avg_link_load,spr2
0,0.0,avg_node_load,gpasp
0,0.0,avg_link_load,gpasp
100,0.21322015372681372,avg_node_load,gpasp
100,0.04268974919493229,avg_link_load,gpasp
200,0.23162240869094047,avg_node_load,gpasp
200,0.04994194002475213,avg_link_load,gpasp
300,0.22876281627147385,avg_node_load,gpasp
300,0.049594307412707775,avg_link_load,gpasp
400,0.22947242060937956,avg_node_load,gpasp
400,0.049565071406752426,avg_link_load,gpasp
500,0.2308945736995169,avg_node_load,gpasp
500,0.049870403203435255,avg_link_load,gpasp
600,0.23280391415147716,avg_node_load,gpasp
600,0.050139961774309516,avg_link_load,gpasp
700,0.23178564539980723,avg_node_load,gpasp
700,0.05032452512090808,avg_link_load,gpasp
800,0.2299450373270951,avg_node_load,gpasp
800,0.05026944409864937,avg_link_load,gpasp
900,0.22977516803040068,avg_node_load,gpasp
900,0.05047176912314333,avg_link_load,gpasp
1000,0.2298192860691645,avg_node_load,gpasp
1000,0.05090631157547011,avg_link_load,gpasp
0,0.0,avg_node_load,spr2
0,0.0,avg_link_load,spr2
100,0.21554868462425048,avg_node_load,spr2
100,0.047392044859029446,avg_link_load,spr2
200,0.22728902109933233,avg_node_load,spr2
200,0.060146109158002524,avg_link_load,spr2
300,0.23394001482192373,avg_node_load,spr2
300,0.06451458215266594,avg_link_load,spr2
400,0.23372395903919216,avg_node_load,spr2
400,0.06466148783806468,avg_link_load,spr2
500,0.23461940709625723,avg_node_load,spr2
500,0.06558045116233688,avg_link_load,spr2
600,0.23764626482602833,avg_node_load,spr2
600,0.06719428722447618,avg_link_load,spr2
700,0.23860643061388892,avg_node_load,spr2
700,0.06698510841095102,avg_link_load,spr2
800,0.23929145528207085,avg_node_load,spr2
800,0.06634613135615583,avg_link_load,spr2
900,0.24096717959779793,avg_node_load,spr2
900,0.06748748934161461,avg_link_load,spr2
1000,0.24079754341559886,avg_node_load,spr2
1000,0.06743625394863645,avg_link_load,spr2
0,0.0,avg_node_load,gpasp
0,0.0,avg_link_load,gpasp
100,0.27316956080432203,avg_node_load,gpasp
100,0.06296308488556022,avg_link_load,gpasp
200,0.2932115865957009,avg_node_load,gpasp
200,0.07792524280495426,avg_link_load,gpasp
300,0.2865973349890045,avg_node_load,gpasp
300,0.07675669436749767,avg_link_load,gpasp
400,0.28373839950187135,avg_node_load,gpasp
400,0.07655919589646328,avg_link_load,gpasp
500,0.2829336702732347,avg_node_load,gpasp
500,0.07611463206492323,avg_link_load,gpasp
600,0.2815953849371097,avg_node_load,gpasp
600,0.07491944552955286,avg_link_load,gpasp
700,0.28012948004342914,avg_node_load,gpasp
700,0.07497445470178285,avg_link_load,gpasp
800,0.2812282011294171,avg_node_load,gpasp
800,0.07581393557827437,avg_link_load,gpasp
900,0.28055001261192536,avg_node_load,gpasp
900,0.07576106780204912,avg_link_load,gpasp
1000,0.2813112123930999,avg_node_load,gpasp
1000,0.07651565876548079,avg_link_load,gpasp
0,0.0,avg_node_load,spr2
0,0.0,avg_link_load,spr2
100,0.24684372460234383,avg_node_load,spr2
100,0.06934153798521625,avg_link_load,spr2
200,0.2789254501289573,avg_node_load,spr2
200,0.07945208223774854,avg_link_load,spr2
300,0.2895257759090561,avg_node_load,spr2
300,0.08437491775645879,avg_link_load,spr2
400,0.28803423869459366,avg_node_load,spr2
400,0.08498319832331787,avg_link_load,spr2
500,0.2916728518877758,avg_node_load,spr2
500,0.08757563469420233,avg_link_load,spr2
600,0.2957741948305928,avg_node_load,spr2
600,0.09072083093491487,avg_link_load,spr2
700,0.29771827196134737,avg_node_load,spr2
700,0.09180052887310962,avg_link_load,spr2
800,0.29686754662191944,avg_node_load,spr2
800,0.0916377411394998,avg_link_load,spr2
900,0.2944682266635044,avg_node_load,spr2
900,0.09089188022839975,avg_link_load,spr2
1000,0.29247941212952383,avg_node_load,spr2
1000,0.09011962855473017,avg_link_load,spr2
0,0.0,avg_node_load,gpasp
0,0.0,avg_link_load,gpasp
100,0.3582641284227421,avg_node_load,gpasp
100,0.08551832033528567,avg_link_load,gpasp
200,0.37401888008067896,avg_node_load,gpasp
200,0.09322791488090154,avg_link_load,gpasp
300,0.3753824955711038,avg_node_load,gpasp
300,0.09790119038387723,avg_link_load,gpasp
400,0.3782288097886513,avg_node_load,gpasp
400,0.09853907304412265,avg_link_load,gpasp
500,0.3757663875587393,avg_node_load,gpasp
500,0.09779255652752798,avg_link_load,gpasp
600,0.37762977076087867,avg_node_load,gpasp
600,0.09816864121669107,avg_link_load,gpasp
700,0.37747075773407884,avg_node_load,gpasp
700,0.09770586956292279,avg_link_load,gpasp
800,0.3788723342546884,avg_node_load,gpasp
800,0.0984431417526861,avg_link_load,gpasp
900,0.3799075936336248,avg_node_load,gpasp
900,0.09851127180750421,avg_link_load,gpasp
1000,0.3806252973477884,avg_node_load,gpasp
1000,0.09866494836677256,avg_link_load,gpasp
0,0.0,avg_node_load,spr2
0,0.0,avg_link_load,spr2
100,0.3485464834155784,avg_node_load,spr2
100,0.09603208138299361,avg_link_load,spr2
200,0.36806922657278063,avg_node_load,spr2
200,0.11213540080391696,avg_link_load,spr2
300,0.36939121833908867,avg_node_load,spr2
300,0.11965656591776566,avg_link_load,spr2
400,0.377463816298132,avg_node_load,spr2
400,0.13012090098448645,avg_link_load,spr2
500,0.38667225486986406,avg_node_load,spr2
500,0.1356228715637341,avg_link_load,spr2
600,0.38703025288944026,avg_node_load,spr2
600,0.13571205939276104,avg_link_load,spr2
700,0.38825316352466743,avg_node_load,spr2
700,0.13597430443233416,avg_link_load,spr2
800,0.3883334379720296,avg_node_load,spr2
800,0.13691375924975463,avg_link_load,spr2
900,0.3898661180280239,avg_node_load,spr2
900,0.13768577834582457,avg_link_load,spr2
1000,0.38890405617362955,avg_node_load,spr2
1000,0.13768048533754612,avg_link_load,spr2
0,0.0,avg_node_load,gpasp
0,0.0,avg_link_load,gpasp
100,0.3622298356065377,avg_node_load,gpasp
100,0.08903307958819746,avg_link_load,gpasp
200,0.4132432591200241,avg_node_load,gpasp
200,0.12523263297368908,avg_link_load,gpasp
300,0.42371549161248134,avg_node_load,gpasp
300,0.13318124347296334,avg_link_load,gpasp
400,0.42318901269970916,avg_node_load,gpasp
400,0.13025319895947235,avg_link_load,gpasp
500,0.4259123869665529,avg_node_load,gpasp
500,0.13205250354507783,avg_link_load,gpasp
600,0.42579922898551004,avg_node_load,gpasp
600,0.13014542505994794,avg_link_load,gpasp
700,0.43074721989705633,avg_node_load,gpasp
700,0.1330760219369943,avg_link_load,gpasp
800,0.43304093153742435,avg_node_load,gpasp
800,0.1353699901388611,avg_link_load,gpasp
900,0.4346882278492905,avg_node_load,gpasp
900,0.1373444948551069,avg_link_load,gpasp
1000,0.4377913387244788,avg_node_load,gpasp
1000,0.13987335267049428,avg_link_load,gpasp
0,0.0,avg_node_load,spr2
0,0.0,avg_link_load,spr2
100,0.3918083471633226,avg_node_load,spr2
100,0.13150375970659917,avg_link_load,spr2
200,0.4181608260357393,avg_node_load,spr2
200,0.16703378232492846,avg_link_load,spr2
300,0.42454932983895594,avg_node_load,spr2
300,0.17067608208562757,avg_link_load,spr2
400,0.4246125969897043,avg_node_load,spr2
400,0.1785012421001169,avg_link_load,spr2
500,0.4322656334432858,avg_node_load,spr2
500,0.19449852015997504,avg_link_load,spr2
600,0.4347492883333198,avg_node_load,spr2
600,0.20367982317130542,avg_link_load,spr2
700,0.43592226798502676,avg_node_load,spr2
700,0.20409680456167634,avg_link_load,spr2
800,0.4344428131179703,avg_node_load,spr2
800,0.2040695454908668,avg_link_load,spr2
900,0.43159315548531796,avg_node_load,spr2
900,0.20278759248744918,avg_link_load,spr2
1000,0.4330701287062906,avg_node_load,spr2
1000,0.2025810842044932,avg_link_load,spr2
0,0.0,avg_node_load,gpasp
0,0.0,avg_link_load,gpasp
100,0.2577509373655436,avg_node_load,gpasp
100,0.04578851394267209,avg_link_load,gpasp
200,0.2717873423385555,avg_node_load,gpasp
200,0.05369214419554198,avg_link_load,gpasp
300,0.26839965106456976,avg_node_load,gpasp
300,0.05322234479066174,avg_link_load,gpasp
400,0.2722563021667585,avg_node_load,gpasp
400,0.05507692999466016,avg_link_load,gpasp
500,0.2772303818047005,avg_node_load,gpasp
500,0.056794289089181604,avg_link_load,gpasp
600,0.27401804505935906,avg_node_load,gpasp
600,0.05592297400102423,avg_link_load,gpasp
700,0.279122960890607,avg_node_load,gpasp
700,0.05771049992114451,avg_link_load,gpasp
800,0.27762575848147125,avg_node_load,gpasp
800,0.05761152100273775,avg_link_load,gpasp
900,0.27644415843082226,avg_node_load,gpasp
900,0.05726841147911078,avg_link_load,gpasp
1000,0.27638713012690563,avg_node_load,gpasp
1000,0.05751773919960586,avg_link_load,gpasp
0,0.0,avg_node_load,spr2
0,0.0,avg_link_load,spr2
100,0.24876689189189452,avg_node_load,spr2
100,0.060739670705188174,avg_link_load,spr2
200,0.2619782074075603,avg_node_load,spr2
200,0.06496009482137606,avg_link_load,spr2
300,0.2607666072530275,avg_node_load,spr2
300,0.06528130070153819,avg_link_load,spr2
400,0.2615983410391607,avg_node_load,spr2
400,0.06604517587632651,avg_link_load,spr2
500,0.26321493434059634,avg_node_load,spr2
500,0.0673718390133436,avg_link_load,spr2
600,0.2636117376240954,avg_node_load,spr2
600,0.06747962402576674,avg_link_load,spr2
700,0.2673248378430465,avg_node_load,spr2
700,0.07039104364628687,avg_link_load,spr2
800,0.26690112323307463,avg_node_load,spr2
800,0.07088325514072392,avg_link_load,spr2
900,0.26561045850699755,avg_node_load,spr2
900,0.07021377505909503,avg_link_load,spr2
1000,0.2668084382938687,avg_node_load,spr2
1000,0.07072772755754757,avg_link_load,spr2
0,0.0,avg_node_load,gpasp
0,0.0,avg_link_load,gpasp
100,0.2565953825662284,avg_node_load,gpasp
100,0.05343426569976818,avg_link_load,gpasp
200,0.2800646954861437,avg_node_load,gpasp
200,0.06269222665135822,avg_link_load,gpasp
300,0.2848901869647956,avg_node_load,gpasp
300,0.06488224497344558,avg_link_load,gpasp
400,0.2882734537100972,avg_node_load,gpasp
400,0.06710661413562591,avg_link_load,gpasp
500,0.28998259898956014,avg_node_load,gpasp
500,0.06768390276555852,avg_link_load,gpasp
600,0.2877532673597089,avg_node_load,gpasp
600,0.06690662858048409,avg_link_load,gpasp
700,0.28423080422442215,avg_node_load,gpasp
700,0.06592813700720264,avg_link_load,gpasp
800,0.28358338437193725,avg_node_load,gpasp
800,0.06598104367225548,avg_link_load,gpasp
900,0.2820016140402312,avg_node_load,gpasp
900,0.06524713687043163,avg_link_load,gpasp
1000,0.2814849144069241,avg_node_load,gpasp
1000,0.06503965369921211,avg_link_load,gpasp
0,0.0,avg_node_load,spr2
0,0.0,avg_link_load,spr2
100,0.24750809493607345,avg_node_load,spr2
100,0.06123977701371974,avg_link_load,spr2
200,0.26389284904661836,avg_node_load,spr2
200,0.06973893184890397,avg_link_load,spr2
300,0.27450030197577646,avg_node_load,spr2
300,0.07391894266933811,avg_link_load,spr2
400,0.27226744045751067,avg_node_load,spr2
400,0.07319820145910236,avg_link_load,spr2
500,0.27634596235093134,avg_node_load,spr2
500,0.07452652449105322,avg_link_load,spr2
600,0.2784061523968396,avg_node_load,spr2
600,0.0747342454551968,avg_link_load,spr2
700,0.27516122144794936,avg_node_load,spr2
700,0.07344056044229029,avg_link_load,spr2
800,0.27390792286117077,avg_node_load,spr2
800,0.07311660975538145,avg_link_load,spr2
900,0.2735492630521198,avg_node_load,spr2
900,0.07292561133215932,avg_link_load,spr2
1000,0.2748966619260742,avg_node_load,spr2
1000,0.07332353549373499,avg_link_load,spr2
0,0.0,avg_node_load,gpasp
0,0.0,avg_link_load,gpasp
100,0.3159107702642179,avg_node_load,gpasp
100,0.08381997313031787,avg_link_load,gpasp
200,0.34165650781767465,avg_node_load,gpasp
200,0.09654997057727507,avg_link_load,gpasp
300,0.33939128227225535,avg_node_load,gpasp
300,0.0951496101218005,avg_link_load,gpasp
400,0.33720607211985815,avg_node_load,gpasp
400,0.09334398437846712,avg_link_load,gpasp
500,0.3397502346280715,avg_node_load,gpasp
500,0.09475862068965568,avg_link_load,gpasp
600,0.3418271275888613,avg_node_load,gpasp
600,0.09535998192114459,avg_link_load,gpasp
700,0.3440041502026798,avg_node_load,gpasp
700,0.09545634712094465,avg_link_load,gpasp
800,0.34719530713552593,avg_node_load,gpasp
800,0.09699730999534806,avg_link_load,gpasp
900,0.3486152678720162,avg_node_load,gpasp
900,0.09697168370318646,avg_link_load,gpasp
1000,0.3482403108194948,avg_node_load,gpasp
1000,0.0966822675446383,avg_link_load,gpasp
0,0.0,avg_node_load,spr2
0,0.0,avg_link_load,spr2
100,0.30032916183714564,avg_node_load,spr2
100,0.07997277359219576,avg_link_load,spr2
200,0.3139881093935732,avg_node_load,spr2
200,0.09398541418945744,avg_link_load,spr2
300,0.31816543290163635,avg_node_load,spr2
300,0.10045286035338157,avg_link_load,spr2
400,0.327611549843844,avg_node_load,spr2
400,0.11158717095801284,avg_link_load,spr2
500,0.33513421767646484,avg_node_load,spr2
500,0.12272801411931596,avg_link_load,spr2
600,0.3375246083812273,avg_node_load,spr2
600,0.12595201859237276,avg_link_load,spr2
700,0.33918857761572546,avg_node_load,spr2
700,0.1298539668982393,avg_link_load,spr2
800,0.34332142862982584,avg_node_load,spr2
800,0.13113532388261115,avg_link_load,spr2
900,0.3435061420307872,avg_node_load,spr2
900,0.13076122343543475,avg_link_load,spr2
1000,0.3426497997718503,avg_node_load,spr2
1000,0.1299642236466161,avg_link_load,spr2
0,0.0,avg_node_load,gpasp
0,0.0,avg_link_load,gpasp
100,0.22625875155401354,avg_node_load,gpasp
100,0.045007524700647755,avg_link_load,gpasp
200,0.24406909566814136,avg_node_load,gpasp
200,0.05776169369708091,avg_link_load,gpasp
300,0.25605610025025405,avg_node_load,gpasp
300,0.06495129773576815,avg_link_load,gpasp
400,0.25583841898522086,avg_node_load,gpasp
400,0.06549021606658227,avg_link_load,gpasp
500,0.2574325843598882,avg_node_load,gpasp
500,0.06563873318735731,avg_link_load,gpasp
600,0.2554348891721068,avg_node_load,gpasp
600,0.06447574739381362,avg_link_load,gpasp
700,0.2570213355500095,avg_node_load,gpasp
700,0.06405624508333255,avg_link_load,gpasp
800,0.25811801566406783,avg_node_load,gpasp
800,0.06444538770944075,avg_link_load,gpasp
900,0.25449164242466865,avg_node_load,gpasp
900,0.06310845434621581,avg_link_load,gpasp
1000,0.25360932794446767,avg_node_load,gpasp
1000,0.06286978710080036,avg_link_load,gpasp
0,0.0,avg_node_load,spr2
0,0.0,avg_link_load,spr2
100,0.2298659478184482,avg_node_load,spr2
100,0.05189262814648554,avg_link_load,spr2
200,0.2430172413793071,avg_node_load,spr2
200,0.06305451454337113,avg_link_load,spr2
300,0.24369355662540548,avg_node_load,spr2
300,0.06389186539202275,avg_link_load,spr2
400,0.24925118543573296,avg_node_load,spr2
400,0.06724207571802661,avg_link_load,spr2
500,0.2437085295836625,avg_node_load,spr2
500,0.06553464606181376,avg_link_load,spr2
600,0.2414950025639402,avg_node_load,spr2
600,0.06517749369510305,avg_link_load,spr2
700,0.24163523466148815,avg_node_load,spr2
700,0.06454430782821198,avg_link_load,spr2
800,0.24304283562493126,avg_node_load,spr2
800,0.06486897017114665,avg_link_load,spr2
900,0.2459968291716173,avg_node_load,spr2
900,0.0662686195017703,avg_link_load,spr2
1000,0.24719914973155357,avg_node_load,spr2
1000,0.06711700337142748,avg_link_load,spr2
0,0.0,avg_node_load,gpasp
0,0.0,avg_link_load,gpasp
100,0.27136604248451013,avg_node_load,gpasp
100,0.06299625673081746,avg_link_load,gpasp
200,0.3048788991263059,avg_node_load,gpasp
200,0.0762281527746328,avg_link_load,gpasp
300,0.30586257258966665,avg_node_load,gpasp
300,0.07745287562936891,avg_link_load,gpasp
400,0.3121547442222164,avg_node_load,gpasp
400,0.08202463950013414,avg_link_load,gpasp
500,0.31418439168955736,avg_node_load,gpasp
500,0.08327975032818596,avg_link_load,gpasp
600,0.3144745524005926,avg_node_load,gpasp
600,0.0831382507813458,avg_link_load,gpasp
700,0.3155317140699692,avg_node_load,gpasp
700,0.08484998741505095,avg_link_load,gpasp
800,0.3139182642163093,avg_node_load,gpasp
800,0.08418091302892225,avg_link_load,gpasp
900,0.3118110596853542,avg_node_load,gpasp
900,0.08332874916599894,avg_link_load,gpasp
1000,0.3133144669914985,avg_node_load,gpasp
1000,0.08383255833979071,avg_link_load,gpasp
0,0.0,avg_node_load,spr2
0,0.0,avg_link_load,spr2
100,0.2777878835811424,avg_node_load,spr2
100,0.07686550933248976,avg_link_load,spr2
200,0.29411378268295224,avg_node_load,spr2
200,0.08124417623010866,avg_link_load,spr2
300,0.297817731465654,avg_node_load,spr2
300,0.0831168588920433,avg_link_load,spr2
400,0.3040536844781543,avg_node_load,spr2
400,0.08903415941821514,avg_link_load,spr2
500,0.3022668374035699,avg_node_load,spr2
500,0.08938281767849779,avg_link_load,spr2
600,0.30585484291713677,avg_node_load,spr2
600,0.09112063734304707,avg_link_load,spr2
700,0.30532494454245357,avg_node_load,spr2
700,0.09098954023388969,avg_link_load,spr2
800,0.30876489633129933,avg_node_load,spr2
800,0.09242349698936964,avg_link_load,spr2
900,0.3092842580149301,avg_node_load,spr2
900,0.0925744564940974,avg_link_load,spr2
1000,0.31064749266783126,avg_node_load,spr2
1000,0.0935765513402194,avg_link_load,spr2
0,0.0,avg_node_load,gpasp
0,0.0,avg_link_load,gpasp
100,0.2972148541114053,avg_node_load,gpasp
100,0.06205392701413923,avg_link_load,gpasp
200,0.3167740002995307,avg_node_load,gpasp
200,0.07242570567344761,avg_link_load,gpasp
300,0.33084557003794424,avg_node_load,gpasp
300,0.08051621844580059,avg_link_load,gpasp
400,0.328262961022679,avg_node_load,gpasp
400,0.08044263400033637,avg_link_load,gpasp
500,0.3256491834164657,avg_node_load,gpasp
500,0.07999374595657768,avg_link_load,gpasp
600,0.3279673526585858,avg_node_load,gpasp
600,0.08050882295404069,avg_link_load,gpasp
700,0.32911927356948417,avg_node_load,gpasp
700,0.08114453666718772,avg_link_load,gpasp
800,0.330051762171711,avg_node_load,gpasp
800,0.08157513805861845,avg_link_load,gpasp
900,0.3326485116125097,avg_node_load,gpasp
900,0.0831867375478333,avg_link_load,gpasp
1000,0.333033233093856,avg_node_load,gpasp
1000,0.08413152103412246,avg_link_load,gpasp
0,0.0,avg_node_load,spr2
0,0.0,avg_link_load,spr2
100,0.3025129118584489,avg_node_load,spr2
100,0.0729823126004963,avg_link_load,spr2
200,0.3142840870258481,avg_node_load,spr2
200,0.08270355197159326,avg_link_load,spr2
300,0.31610194564040317,avg_node_load,spr2
300,0.08649778670535256,avg_link_load,spr2
400,0.3191875206702632,avg_node_load,spr2
400,0.08777180531110265,avg_link_load,spr2
500,0.3268699160786665,avg_node_load,spr2
500,0.09307573821858622,avg_link_load,spr2
600,0.33204647288705647,avg_node_load,spr2
600,0.09835429516557083,avg_link_load,spr2
700,0.3312263197262425,avg_node_load,spr2
700,0.09836875226315017,avg_link_load,spr2
800,0.32963652823965045,avg_node_load,spr2
800,0.09716247023356026,avg_link_load,spr2
900,0.3303168774065682,avg_node_load,spr2
900,0.09790554472492803,avg_link_load,spr2
1000,0.3308276672691845,avg_node_load,spr2
1000,0.09830322414575353,avg_link_load,spr2
0,0.0,avg_node_load,gpasp
0,0.0,avg_link_load,gpasp
100,0.280143057361835,avg_node_load,gpasp
100,0.08462371157885014,avg_link_load,gpasp
200,0.2907715984487369,avg_node_load,gpasp
200,0.09310021649067092,avg_link_load,gpasp
300,0.2978845232032043,avg_node_load,gpasp
300,0.09563942398913496,avg_link_load,gpasp
400,0.30283434721059965,avg_node_load,gpasp
400,0.09870886873887513,avg_link_load,gpasp
500,0.30341356602977115,avg_node_load,gpasp
500,0.0986291238200282,avg_link_load,gpasp
600,0.3092303213254018,avg_node_load,gpasp
600,0.10232176636913635,avg_link_load,gpasp
700,0.3110052851547892,avg_node_load,gpasp
700,0.10407034122146742,avg_link_load,gpasp
800,0.31287647644834826,avg_node_load,gpasp
800,0.10517656687986901,avg_link_load,gpasp
900,0.31271527199114624,avg_node_load,gpasp
900,0.10489132433582278,avg_link_load,gpasp
1000,0.31366996549038856,avg_node_load,gpasp
1000,0.10600298491228702,avg_link_load,gpasp
0,0.0,avg_node_load,spr2
0,0.0,avg_link_load,spr2
100,0.26996954743263735,avg_node_load,spr2
100,0.08114594116523784,avg_link_load,spr2
200,0.2860364681160459,avg_node_load,spr2
200,0.09135701782955082,avg_link_load,spr2
300,0.2938995242767939,avg_node_load,spr2
300,0.0965675815778245,avg_link_load,spr2
400,0.29643122446451897,avg_node_load,spr2
400,0.09882747805247999,avg_link_load,spr2
500,0.29892077119539284,avg_node_load,spr2
500,0.10144817028655799,avg_link_load,spr2
600,0.29826510715800714,avg_node_load,spr2
600,0.10083412482028545,avg_link_load,spr2
700,0.29845946520435546,avg_node_load,spr2
700,0.1016149035192887,avg_link_load,spr2
800,0.29886662474569753,avg_node_load,spr2
800,0.10267485513326867,avg_link_load,spr2
900,0.29917862220976166,avg_node_load,spr2
900,0.10265434375979023,avg_link_load,spr2
1000,0.3007106174113309,avg_node_load,spr2
1000,0.10361599036417175,avg_link_load,spr2
0,0.0,avg_node_load,gpasp
0,0.0,avg_link_load,gpasp
100,0.26016397895579507,avg_node_load,gpasp
100,0.06026305255332531,avg_link_load,gpasp
200,0.27166512823893424,avg_node_load,gpasp
200,0.06535447572580837,avg_link_load,gpasp
300,0.27584549273372866,avg_node_load,gpasp
300,0.06851931585625003,avg_link_load,gpasp
400,0.2812110965129483,avg_node_load,gpasp
400,0.07148268374958588,avg_link_load,gpasp
500,0.2799479371219763,avg_node_load,gpasp
500,0.07109296860681291,avg_link_load,gpasp
600,0.2832356948504167,avg_node_load,gpasp
600,0.07235767624453669,avg_link_load,gpasp
700,0.28294967774642216,avg_node_load,gpasp
700,0.07230384609016673,avg_link_load,gpasp
800,0.2800355161201263,avg_node_load,gpasp
800,0.0710882013953919,avg_link_load,gpasp
900,0.28145045032951427,avg_node_load,gpasp
900,0.07228687758106149,avg_link_load,gpasp
1000,0.2853544452913763,avg_node_load,gpasp
1000,0.07424830166858205,avg_link_load,gpasp
0,0.0,avg_node_load,spr2
0,0.0,avg_link_load,spr2
100,0.2530617562755129,avg_node_load,spr2
100,0.06743326384666584,avg_link_load,spr2
200,0.2781717003567085,avg_node_load,spr2
200,0.07844543797066962,avg_link_load,spr2
300,0.2803267128740851,avg_node_load,spr2
300,0.08074010068529344,avg_link_load,spr2
400,0.28550106658244784,avg_node_load,spr2
400,0.08231770602609635,avg_link_load,spr2
500,0.286215392044626,avg_node_load,spr2
500,0.08304767014832806,avg_link_load,spr2
600,0.2848132652396839,avg_node_load,spr2
600,0.08329192877390036,avg_link_load,spr2
700,0.28361473556849026,avg_node_load,spr2
700,0.08278325214124263,avg_link_load,spr2
800,0.2832713592655929,avg_node_load,spr2
800,0.08213914072061229,avg_link_load,spr2
900,0.2832638003611931,avg_node_load,spr2
900,0.08221157311725327,avg_link_load,spr2
1000,0.2830001184117677,avg_node_load,spr2
1000,0.08213902137258643,avg_link_load,spr2
0,0.0,avg_node_load,gpasp
0,0.0,avg_link_load,gpasp
100,0.3061601595896255,avg_node_load,gpasp
100,0.07313415028023189,avg_link_load,gpasp
200,0.31093397891066105,avg_node_load,gpasp
200,0.08027541562141262,avg_link_load,gpasp
300,0.31498508291125005,avg_node_load,gpasp
300,0.08402689701426948,avg_link_load,gpasp
400,0.32013027279256306,avg_node_load,gpasp
400,0.0878226374599311,avg_link_load,gpasp
500,0.3197503065340783,avg_node_load,gpasp
500,0.08800622234904086,avg_link_load,gpasp
600,0.3178612237231259,avg_node_load,gpasp
600,0.08686677693079706,avg_link_load,gpasp
700,0.31538077081923205,avg_node_load,gpasp
700,0.08634235954406186,avg_link_load,gpasp
800,0.3145216078382146,avg_node_load,gpasp
800,0.08657932008866931,avg_link_load,gpasp
900,0.3163016664004724,avg_node_load,gpasp
900,0.08718271499683854,avg_link_load,gpasp
1000,0.31644791576123077,avg_node_load,gpasp
1000,0.08722499541250878,avg_link_load,gpasp
0,0.0,avg_node_load,spr2
0,0.0,avg_link_load,spr2
100,0.2804610465450198,avg_node_load,spr2
100,0.07328955178157731,avg_link_load,spr2
200,0.2970347265718526,avg_node_load,spr2
200,0.09095385624266988,avg_link_load,spr2
300,0.3033914509474332,avg_node_load,spr2
300,0.09519189405609595,avg_link_load,spr2
400,0.3035815143226198,avg_node_load,spr2
400,0.09432765642081122,avg_link_load,spr2
500,0.3070869046171075,avg_node_load,spr2
500,0.0955360179572372,avg_link_load,spr2
600,0.3110975656215375,avg_node_load,spr2
600,0.09834773344403402,avg_link_load,spr2
700,0.31524726881091836,avg_node_load,spr2
700,0.10022344016777636,avg_link_load,spr2
800,0.3163976100617903,avg_node_load,spr2
800,0.10145028520483688,avg_link_load,spr2
900,0.3186825472249305,avg_node_load,spr2
900,0.10249527743488358,avg_link_load,spr2
1000,0.32034459178844954,avg_node_load,spr2
1000,0.10318470468740665,avg_link_load,spr2
0,0.0,avg_node_load,gpasp
0,0.0,avg_link_load,gpasp
100,0.3079783859712718,avg_node_load,gpasp
100,0.07329527089280576,avg_link_load,gpasp
200,0.3331868330348097,avg_node_load,gpasp
200,0.08162491575396619,avg_link_load,gpasp
300,0.3493356357847955,avg_node_load,gpasp
300,0.09021803389284805,avg_link_load,gpasp
400,0.35552330530710163,avg_node_load,gpasp
400,0.0935636382011905,avg_link_load,gpasp
500,0.3573169294564542,avg_node_load,gpasp
500,0.094752293848271,avg_link_load,gpasp
600,0.3583732287430082,avg_node_load,gpasp
600,0.09610795797056185,avg_link_load,gpasp
700,0.36023675584374526,avg_node_load,gpasp
700,0.09616500817857987,avg_link_load,gpasp
800,0.3589007165799538,avg_node_load,gpasp
800,0.095375878619834,avg_link_load,gpasp
900,0.3573717791335705,avg_node_load,gpasp
900,0.09489912691690308,avg_link_load,gpasp
1000,0.3549680097476405,avg_node_load,gpasp
1000,0.09332188695387693,avg_link_load,gpasp
0,0.0,avg_node_load,spr2
0,0.0,avg_link_load,spr2
100,0.29610046612503593,avg_node_load,spr2
100,0.06795951504339118,avg_link_load,spr2
200,0.3398515548427271,avg_node_load,spr2
200,0.09946393418277899,avg_link_load,spr2
300,0.35025707085226787,avg_node_load,spr2
300,0.11123805801632786,avg_link_load,spr2
400,0.35914855042820437,avg_node_load,spr2
400,0.11428493355106574,avg_link_load,spr2
500,0.3580980798427619,avg_node_load,spr2
500,0.1151093357874747,avg_link_load,spr2
600,0.3591409050870842,avg_node_load,spr2
600,0.1142817003852354,avg_link_load,spr2
700,0.3586395055281383,avg_node_load,spr2
700,0.1143961653405734,avg_link_load,spr2
800,0.35915923242178854,avg_node_load,spr2
800,0.11563550150303266,avg_link_load,spr2
900,0.35996247307423285,avg_node_load,spr2
900,0.11812741827331119,avg_link_load,spr2
1000,0.3596642802521157,avg_node_load,spr2
1000,0.11977932016825162,avg_link_load,spr2
0,0.0,avg_node_load,gpasp
0,0.0,avg_link_load,gpasp
100,0.36028576250211014,avg_node_load,gpasp
100,0.08507234691517747,avg_link_load,gpasp
200,0.38420349381750935,avg_node_load,gpasp
200,0.09241505337538083,avg_link_load,gpasp
300,0.39865856762260243,avg_node_load,gpasp
300,0.10341204947149586,avg_link_load,gpasp
400,0.39912512975615394,avg_node_load,gpasp
400,0.1051772819316346,avg_link_load,gpasp
500,0.40240658784503835,avg_node_load,gpasp
500,0.1074926804349644,avg_link_load,gpasp
600,0.4050125453242124,avg_node_load,gpasp
600,0.10900644322310178,avg_link_load,gpasp
700,0.40732632688376025,avg_node_load,gpasp
700,0.10994727633775209,avg_link_load,gpasp
800,0.4091781580213499,avg_node_load,gpasp
800,0.11138859745899009,avg_link_load,gpasp
900,0.41024635298216405,avg_node_load,gpasp
900,0.11223259755545117,avg_link_load,gpasp
1000,0.41026288820602475,avg_node_load,gpasp
1000,0.1123901387603917,avg_link_load,gpasp
0,0.0,avg_node_load,spr2
0,0.0,avg_link_load,spr2
100,0.37947583345797237,avg_node_load,spr2
100,0.11272062441342047,avg_link_load,spr2
200,0.3943382014417861,avg_node_load,spr2
200,0.12460871558474587,avg_link_load,spr2
300,0.392210486789495,avg_node_load,spr2
300,0.12512260898274644,avg_link_load,spr2
400,0.3912245672184076,avg_node_load,spr2
400,0.12690119164092342,avg_link_load,spr2
500,0.39162723151674433,avg_node_load,spr2
500,0.12812733557125916,avg_link_load,spr2
600,0.39334542108680653,avg_node_load,spr2
600,0.13030723921434018,avg_link_load,spr2
700,0.3934067170952051,avg_node_load,spr2
700,0.13307840574345373,avg_link_load,spr2
800,0.3961196825253671,avg_node_load,spr2
800,0.13867762605964715,avg_link_load,spr2
900,0.39792213807039206,avg_node_load,spr2
900,0.14180599373506644,avg_link_load,spr2
1000,0.39835936075507294,avg_node_load,spr2
1000,0.14409410629055563,avg_link_load,spr2
0,0.0,avg_node_load,gpasp
0,0.0,avg_link_load,gpasp
100,0.2917901999174243,avg_node_load,gpasp
100,0.07128860830303252,avg_link_load,gpasp
200,0.3049796801144117,avg_node_load,gpasp
200,0.0830737000408917,avg_link_load,gpasp
300,0.30928394996647957,avg_node_load,gpasp
300,0.08572099514776266,avg_link_load,gpasp
400,0.31336789653525854,avg_node_load,gpasp
400,0.08748038737113005,avg_link_load,gpasp
500,0.31610639732990453,avg_node_load,gpasp
500,0.09024093764347771,avg_link_load,gpasp
600,0.3156981566612846,avg_node_load,gpasp
600,0.09054257791532166,avg_link_load,gpasp
700,0.3136467282240653,avg_node_load,gpasp
700,0.08978232446430846,avg_link_load,gpasp
800,0.3118523871163884,avg_node_load,gpasp
800,0.08768878451230211,avg_link_load,gpasp
900,0.311040789481572,avg_node_load,gpasp
900,0.08767983470379492,avg_link_load,gpasp
1000,0.3107411904630347,avg_node_load,gpasp
1000,0.08734252714837754,avg_link_load,gpasp
0,0.0,avg_node_load,spr2
0,0.0,avg_link_load,spr2
100,0.292673094732251,avg_node_load,spr2
100,0.08199723992664017,avg_link_load,spr2
200,0.3057491493835153,avg_node_load,spr2
200,0.09861847093939143,avg_link_load,spr2
300,0.3110042502593077,avg_node_load,spr2
300,0.10435533517173895,avg_link_load,spr2
400,0.3118410825324959,avg_node_load,spr2
400,0.10831843245762829,avg_link_load,spr2
500,0.31373386651545637,avg_node_load,spr2
500,0.10825356988316819,avg_link_load,spr2
600,0.31258625004467955,avg_node_load,spr2
600,0.10860273592066061,avg_link_load,spr2
700,0.314495708514235,avg_node_load,spr2
700,0.11119823534999643,avg_link_load,spr2
800,0.31517531756589917,avg_node_load,spr2
800,0.11235185812543616,avg_link_load,spr2
900,0.31453933570696013,avg_node_load,spr2
900,0.11152727785093869,avg_link_load,spr2
1000,0.31305628734063096,avg_node_load,spr2
1000,0.11039031750325456,avg_link_load,spr2
0,0.0,avg_node_load,gpasp
0,0.0,avg_link_load,gpasp
100,0.16267878504186864,avg_node_load,gpasp
100,0.03426414243858457,avg_link_load,gpasp
200,0.15469160844414082,avg_node_load,gpasp
200,0.03301722051102273,avg_link_load,gpasp
300,0.15565799556361942,avg_node_load,gpasp
300,0.03258409625596569,avg_link_load,gpasp
400,0.15921051861647806,avg_node_load,gpasp
400,0.03405287005233187,avg_link_load,gpasp
500,0.1614250523063536,avg_node_load,gpasp
500,0.034500665717188614,avg_link_load,gpasp
600,0.16042763975749538,avg_node_load,gpasp
600,0.034741458998731545,avg_link_load,gpasp
700,0.16030504356596104,avg_node_load,gpasp
700,0.03439541932575657,avg_link_load,gpasp
800,0.16481882440163262,avg_node_load,gpasp
800,0.03576312422012004,avg_link_load,gpasp
900,0.16395628212893587,avg_node_load,gpasp
900,0.03576019074219628,avg_link_load,gpasp
1000,0.16413970733725994,avg_node_load,gpasp
1000,0.035739496579305786,avg_link_load,gpasp
0,0.0,avg_node_load,spr2
0,0.0,avg_link_load,spr2
100,0.14404787370582914,avg_node_load,spr2
100,0.03295969881064435,avg_link_load,spr2
200,0.14947333866178938,avg_node_load,spr2
200,0.036342899190581354,avg_link_load,spr2
300,0.15895795678728022,avg_node_load,spr2
300,0.04102755234236263,avg_link_load,spr2
400,0.16692690060951718,avg_node_load,spr2
400,0.04294626528363695,avg_link_load,spr2
500,0.16308357673970306,avg_node_load,spr2
500,0.04175704054340637,avg_link_load,spr2
600,0.16089888611900013,avg_node_load,spr2
600,0.04099962054075368,avg_link_load,spr2
700,0.16080977902682705,avg_node_load,spr2
700,0.040548076484657684,avg_link_load,spr2
800,0.16030530111981206,avg_node_load,spr2
800,0.04085970971821242,avg_link_load,spr2
900,0.16202393958653535,avg_node_load,spr2
900,0.041555215487641246,avg_link_load,spr2
1000,0.16307990961980273,avg_node_load,spr2
1000,0.04181340296566588,avg_link_load,spr2
0,0.0,avg_node_load,gpasp
0,0.0,avg_link_load,gpasp
100,0.27437677566709345,avg_node_load,gpasp
100,0.05191549217313793,avg_link_load,gpasp
200,0.2874373482714646,avg_node_load,gpasp
200,0.05870232247892779,avg_link_load,gpasp
300,0.2907485921288223,avg_node_load,gpasp
300,0.061546721959562886,avg_link_load,gpasp
400,0.2936826450233836,avg_node_load,gpasp
400,0.06296108296090304,avg_link_load,gpasp
500,0.2938551847919654,avg_node_load,gpasp
500,0.06336129532914023,avg_link_load,gpasp
600,0.2893143940760624,avg_node_load,gpasp
600,0.06258618685076646,avg_link_load,gpasp
700,0.29163516878170087,avg_node_load,gpasp
700,0.06344723489020794,avg_link_load,gpasp
800,0.29209288006733447,avg_node_load,gpasp
800,0.06362077393115666,avg_link_load,gpasp
900,0.29324119714125946,avg_node_load,gpasp
900,0.06363475715629618,avg_link_load,gpasp
1000,0.2918514530347221,avg_node_load,gpasp
1000,0.06298678634349722,avg_link_load,gpasp
0,0.0,avg_node_load,spr2
0,0.0,avg_link_load,spr2
100,0.2848015992003979,avg_node_load,spr2
100,0.06645363984674338,avg_link_load,spr2
200,0.309274156806076,avg_node_load,spr2
200,0.08634829307379863,avg_link_load,spr2
300,0.30685008171814515,avg_node_load,spr2
300,0.08398201433328796,avg_link_load,spr2
400,0.29946258761674993,avg_node_load,spr2
400,0.08023679744700479,avg_link_load,spr2
500,0.297670690456715,avg_node_load,spr2
500,0.07871662650001521,avg_link_load,spr2
600,0.29787357792443425,avg_node_load,spr2
600,0.07938828692102226,avg_link_load,spr2
700,0.299049215946171,avg_node_load,spr2
700,0.07867474323291629,avg_link_load,spr2
800,0.3004392012218835,avg_node_load,spr2
800,0.07905667152482881,avg_link_load,spr2
900,0.3013391118648219,avg_node_load,spr2
900,0.07953884484127337,avg_link_load,spr2
1000,0.3020130528881482,avg_node_load,spr2
1000,0.08061796082237184,avg_link_load,spr2
0,0.0,avg_node_load,gpasp
0,0.0,avg_link_load,gpasp
100,0.2593682376415703,avg_node_load,gpasp
100,0.06177594169500413,avg_link_load,gpasp
200,0.28550312387359755,avg_node_load,gpasp
200,0.07777271817053126,avg_link_load,gpasp
300,0.2996374450208655,avg_node_load,gpasp
300,0.08842306894937874,avg_link_load,gpasp
400,0.30118093537842916,avg_node_load,gpasp
400,0.08774529127429169,avg_link_load,gpasp
500,0.2980326601367072,avg_node_load,gpasp
500,0.08585676598247757,avg_link_load,gpasp
600,0.2961114170750224,avg_node_load,gpasp
600,0.0840133350317459,avg_link_load,gpasp
700,0.29713223604823213,avg_node_load,gpasp
700,0.08415715906164661,avg_link_load,gpasp
800,0.2985133751137864,avg_node_load,gpasp
800,0.08540309449267686,avg_link_load,gpasp
900,0.30070914585178266,avg_node_load,gpasp
900,0.08663955627481087,avg_link_load,gpasp
1000,0.30110825325937873,avg_node_load,gpasp
1000,0.08658461435229958,avg_link_load,gpasp
0,0.0,avg_node_load,spr2
0,0.0,avg_link_load,spr2
100,0.28413214467851206,avg_node_load,spr2
100,0.08384828632327725,avg_link_load,spr2
200,0.3000267437778858,avg_node_load,spr2
200,0.0998653339350692,avg_link_load,spr2
300,0.29906058077664077,avg_node_load,spr2
300,0.09805280699594852,avg_link_load,spr2
400,0.3050209862637117,avg_node_load,spr2
400,0.10059713963505626,avg_link_load,spr2
500,0.30714127267569974,avg_node_load,spr2
500,0.1012400145559718,avg_link_load,spr2
600,0.30772019987960664,avg_node_load,spr2
600,0.10164633007817404,avg_link_load,spr2
700,0.30665942340671276,avg_node_load,spr2
700,0.10208929133359944,avg_link_load,spr2
800,0.3105070288840063,avg_node_load,spr2
800,0.1052039486381894,avg_link_load,spr2
900,0.3111875521058868,avg_node_load,spr2
900,0.10530907459937337,avg_link_load,spr2
1000,0.31078681755678395,avg_node_load,spr2
1000,0.10565609168726935,avg_link_load,spr2
0,0.0,avg_node_load,gpasp
0,0.0,avg_link_load,gpasp
100,0.26014492753623025,avg_node_load,gpasp
100,0.053303152345395934,avg_link_load,gpasp
200,0.27802144860583367,avg_node_load,gpasp
200,0.06119214651047695,avg_link_load,gpasp
300,0.28574245143467697,avg_node_load,gpasp
300,0.0654908112762758,avg_link_load,gpasp
400,0.284991951671542,avg_node_load,gpasp
400,0.06492378136763867,avg_link_load,gpasp
500,0.2837201983548499,avg_node_load,gpasp
500,0.06490622483614814,avg_link_load,gpasp
600,0.28448826671015787,avg_node_load,gpasp
600,0.06504973169248786,avg_link_load,gpasp
700,0.288311245963653,avg_node_load,gpasp
700,0.06647035965580421,avg_link_load,gpasp
800,0.287486924112868,avg_node_load,gpasp
800,0.06674399448776978,avg_link_load,gpasp
900,0.2884906279690024,avg_node_load,gpasp
900,0.06733154950358404,avg_link_load,gpasp
1000,0.2907457628377304,avg_node_load,gpasp
1000,0.06829116903553392,avg_link_load,gpasp
0,0.0,avg_node_load,spr2
0,0.0,avg_link_load,spr2
100,0.25154401270659427,avg_node_load,spr2
100,0.05589176373095166,avg_link_load,spr2
200,0.2615475657347524,avg_node_load,spr2
200,0.06278175847141412,avg_link_load,spr2
300,0.2709240409915418,avg_node_load,spr2
300,0.06736273830956045,avg_link_load,spr2
400,0.2786276148107894,avg_node_load,spr2
400,0.06982580891756038,avg_link_load,spr2
500,0.2780339844528493,avg_node_load,spr2
500,0.0706347219453865,avg_link_load,spr2
600,0.2814399752121939,avg_node_load,spr2
600,0.07288394582562231,avg_link_load,spr2
700,0.27794942397414435,avg_node_load,spr2
700,0.07158184332022198,avg_link_load,spr2
800,0.2791405105638633,avg_node_load,spr2
800,0.07277574030867497,avg_link_load,spr2
900,0.27833911742576667,avg_node_load,spr2
900,0.07222976038781097,avg_link_load,spr2
1000,0.27683872465638143,avg_node_load,spr2
1000,0.07173058502274547,avg_link_load,spr2
0,0.0,avg_node_load,gpasp
0,0.0,avg_link_load,gpasp
100,0.3010157864939245,avg_node_load,gpasp
100,0.07245531109970031,avg_link_load,gpasp
200,0.3036759864943944,avg_node_load,gpasp
200,0.07577279673353028,avg_link_load,gpasp
300,0.3092325190189941,avg_node_load,gpasp
300,0.07578709319080507,avg_link_load,gpasp
400,0.3048378416358336,avg_node_load,gpasp
400,0.07446820767193786,avg_link_load,gpasp
500,0.304455306095643,avg_node_load,gpasp
500,0.0754953032310432,avg_link_load,gpasp
600,0.30217311547713327,avg_node_load,gpasp
600,0.0745807538091428,avg_link_load,gpasp
700,0.3023166563807782,avg_node_load,gpasp
700,0.07465191954080698,avg_link_load,gpasp
800,0.3011931394481624,avg_node_load,gpasp
800,0.07443442598567421,avg_link_load,gpasp
900,0.3011178962542876,avg_node_load,gpasp
900,0.07433270543219375,avg_link_load,gpasp
1000,0.30185396415159055,avg_node_load,gpasp
1000,0.07446003401872175,avg_link_load,gpasp
0,0.0,avg_node_load,spr2
0,0.0,avg_link_load,spr2
100,0.2724919902253592,avg_node_load,spr2
100,0.06722809304009426,avg_link_load,spr2
200,0.29668113998479967,avg_node_load,spr2
200,0.07858671018040045,avg_link_load,spr2
300,0.2959527002132031,avg_node_load,spr2
300,0.08098527632312738,avg_link_load,spr2
400,0.2996968307626761,avg_node_load,spr2
400,0.08369439429404235,avg_link_load,spr2
500,0.30324377530511304,avg_node_load,spr2
500,0.08733439860130725,avg_link_load,spr2
600,0.303092798282234,avg_node_load,spr2
600,0.08640591621718395,avg_link_load,spr2
700,0.3032622598394706,avg_node_load,spr2
700,0.08655445442269305,avg_link_load,spr2
800,0.30217921202066167,avg_node_load,spr2
800,0.08537619458076615,avg_link_load,spr2
900,0.3056099100445537,avg_node_load,spr2
900,0.08634797810503753,avg_link_load,spr2
1000,0.30516885869289406,avg_node_load,spr2
1000,0.08626980897547244,avg_link_load,spr2
0,0.0,avg_node_load,gpasp
0,0.0,avg_link_load,gpasp
100,0.1802841032314008,avg_node_load,gpasp
100,0.03063789488903352,avg_link_load,gpasp
200,0.20229946524064435,avg_node_load,gpasp
200,0.03998518655110947,avg_link_load,gpasp
300,0.21097743535205585,avg_node_load,gpasp
300,0.04297629093599344,avg_link_load,gpasp
400,0.2158864897072071,avg_node_load,gpasp
400,0.045260669738141406,avg_link_load,gpasp
500,0.21304581372486747,avg_node_load,gpasp
500,0.044496395869861725,avg_link_load,gpasp
600,0.21217501424325375,avg_node_load,gpasp
600,0.04384206637070812,avg_link_load,gpasp
700,0.2135995558315101,avg_node_load,gpasp
700,0.04421402871971251,avg_link_load,gpasp
800,0.21536374498026126,avg_node_load,gpasp
800,0.04445161682873745,avg_link_load,gpasp
900,0.21742124630778467,avg_node_load,gpasp
900,0.04487721311886276,avg_link_load,gpasp
1000,0.21687040836588464,avg_node_load,gpasp
1000,0.044879917047235415,avg_link_load,gpasp
0,0.0,avg_node_load,spr2
0,0.0,avg_link_load,spr2
100,0.19648739063303747,avg_node_load,spr2
100,0.044811036097403445,avg_link_load,spr2
200,0.21054585416192437,avg_node_load,spr2
200,0.05255634328191508,avg_link_load,spr2
300,0.2058190494523034,avg_node_load,spr2
300,0.05010751147858466,avg_link_load,spr2
400,0.20711861119193953,avg_node_load,spr2
400,0.05002591808547264,avg_link_load,spr2
500,0.20806543434005384,avg_node_load,spr2
500,0.05106496736415676,avg_link_load,spr2
600,0.21200928340752723,avg_node_load,spr2
600,0.052718196864528374,avg_link_load,spr2
700,0.21548219391734927,avg_node_load,spr2
700,0.05440833729223268,avg_link_load,spr2
800,0.21818780917557892,avg_node_load,spr2
800,0.0556743913348882,avg_link_load,spr2
900,0.21803515098128354,avg_node_load,spr2
900,0.055355262562105705,avg_link_load,spr2
1000,0.21778380889086496,avg_node_load,spr2
1000,0.05506472671810583,avg_link_load,spr2
0,0.0,avg_node_load,gpasp
0,0.0,avg_link_load,gpasp
100,0.2788258707801165,avg_node_load,gpasp
100,0.06798021898494991,avg_link_load,gpasp
200,0.30919520807355033,avg_node_load,gpasp
200,0.07684348937393441,avg_link_load,gpasp
300,0.31639984243247987,avg_node_load,gpasp
300,0.07798633176137422,avg_link_load,gpasp
400,0.31674958425140887,avg_node_load,gpasp
400,0.0777976606655877,avg_link_load,gpasp
500,0.31154547603768085,avg_node_load,gpasp
500,0.0757398838941618,avg_link_load,gpasp
600,0.31177981283123174,avg_node_load,gpasp
600,0.07677660415319586,avg_link_load,gpasp
700,0.31465035462111945,avg_node_load,gpasp
700,0.07788959620052674,avg_link_load,gpasp
800,0.3158650817561708,avg_node_load,gpasp
800,0.07903770553166736,avg_link_load,gpasp
900,0.3147650409829004,avg_node_load,gpasp
900,0.07882126029412947,avg_link_load,gpasp
1000,0.3140811205674399,avg_node_load,gpasp
1000,0.0788579394347569,avg_link_load,gpasp
0,0.0,avg_node_load,spr2
0,0.0,avg_link_load,spr2
100,0.3038651004168235,avg_node_load,spr2
100,0.07806899016318679,avg_link_load,spr2
200,0.3095460661574138,avg_node_load,spr2
200,0.09026582200901494,avg_link_load,spr2
300,0.3108334234136756,avg_node_load,spr2
300,0.09515292040500159,avg_link_load,spr2
400,0.31383058688059035,avg_node_load,spr2
400,0.09620118574256917,avg_link_load,spr2
500,0.31694646614980904,avg_node_load,spr2
500,0.09753260965798137,avg_link_load,spr2
600,0.3177418766139492,avg_node_load,spr2
600,0.09784847643467548,avg_link_load,spr2
700,0.3171553273626315,avg_node_load,spr2
700,0.09763163642212858,avg_link_load,spr2
800,0.31743396686796105,avg_node_load,spr2
800,0.09743943432770782,avg_link_load,spr2
900,0.31605801548838175,avg_node_load,spr2
900,0.09655425982514179,avg_link_load,spr2
1000,0.31590304378873946,avg_node_load,spr2
1000,0.0963712059023558,avg_link_load,spr2
0,0.0,avg_node_load,gpasp
0,0.0,avg_link_load,gpasp
100,0.3136716765584174,avg_node_load,gpasp
100,0.06976718252444036,avg_link_load,gpasp
200,0.31675305453007213,avg_node_load,gpasp
200,0.07218748928485746,avg_link_load,gpasp
300,0.32567507273082774,avg_node_load,gpasp
300,0.07807308632660286,avg_link_load,gpasp
400,0.32998697412333144,avg_node_load,gpasp
400,0.08204248929543523,avg_link_load,gpasp
500,0.334419737474281,avg_node_load,gpasp
500,0.08410709296416374,avg_link_load,gpasp
600,0.33113997111482385,avg_node_load,gpasp
600,0.0830347313081197,avg_link_load,gpasp
700,0.3299682934272041,avg_node_load,gpasp
700,0.08319977373713364,avg_link_load,gpasp
800,0.3299724480062967,avg_node_load,gpasp
800,0.08320572500881289,avg_link_load,gpasp
900,0.33117389891555526,avg_node_load,gpasp
900,0.08378697836694644,avg_link_load,gpasp
1000,0.3307449599394882,avg_node_load,gpasp
1000,0.08414521320559852,avg_link_load,gpasp
0,0.0,avg_node_load,spr2
0,0.0,avg_link_load,spr2
100,0.30184083623186975,avg_node_load,spr2
100,0.0773593187604246,avg_link_load,spr2
200,0.3081685823754747,avg_node_load,spr2
200,0.0830789272030643,avg_link_load,spr2
300,0.30551692895829413,avg_node_load,spr2
300,0.08234649004465666,avg_link_load,spr2
400,0.31719273399013903,avg_node_load,spr2
400,0.08763148604269251,avg_link_load,spr2
500,0.3191456129949326,avg_node_load,spr2
500,0.09013463087276839,avg_link_load,spr2
600,0.31856865163081527,avg_node_load,spr2
600,0.0910303414759545,avg_link_load,spr2
700,0.31758446335467666,avg_node_load,spr2
700,0.09158621439565644,avg_link_load,spr2
800,0.3151871324043965,avg_node_load,spr2
800,0.09064968916422361,avg_link_load,spr2
900,0.3154920759627208,avg_node_load,spr2
900,0.09032562470735361,avg_link_load,spr2
1000,0.3182764881744233,avg_node_load,spr2
1000,0.09204027945174074,avg_link_load,spr2
0,0.0,avg_node_load,gpasp
0,0.0,avg_link_load,gpasp
100,0.18649910686548263,avg_node_load,gpasp
100,0.03790631148389757,avg_link_load,gpasp
200,0.19741112415928433,avg_node_load,gpasp
200,0.04241569101929932,avg_link_load,gpasp
300,0.20337064879882838,avg_node_load,gpasp
300,0.04270216110631225,avg_link_load,gpasp
400,0.20745834947695496,avg_node_load,gpasp
400,0.04342079181341047,avg_link_load,gpasp
500,0.20931387501757415,avg_node_load,gpasp
500,0.04395075099365152,avg_link_load,gpasp
600,0.20986745399817208,avg_node_load,gpasp
600,0.043957024666410084,avg_link_load,gpasp
700,0.21295366721780273,avg_node_load,gpasp
700,0.04502726251907894,avg_link_load,gpasp
800,0.21401728801966022,avg_node_load,gpasp
800,0.045585177354214294,avg_link_load,gpasp
900,0.21433794860719046,avg_node_load,gpasp
900,0.04584295865656741,avg_link_load,gpasp
1000,0.21417548307762285,avg_node_load,gpasp
1000,0.0456332251838901,avg_link_load,gpasp
0,0.0,avg_node_load,spr2
0,0.0,avg_link_load,spr2
100,0.19491605886667934,avg_node_load,spr2
100,0.04423239777691463,avg_link_load,spr2
200,0.20749251313107328,avg_node_load,spr2
200,0.0488576354996006,avg_link_load,spr2
300,0.2091850471160895,avg_node_load,spr2
300,0.05037200994097553,avg_link_load,spr2
400,0.216587895517375,avg_node_load,spr2
400,0.053728341828362954,avg_link_load,spr2
500,0.21359000541930329,avg_node_load,spr2
500,0.05354200955401225,avg_link_load,spr2
600,0.21352867586290392,avg_node_load,spr2
600,0.05501234201499421,avg_link_load,spr2
700,0.2134980500821124,avg_node_load,spr2
700,0.05475899109148206,avg_link_load,spr2
800,0.21314542376890785,avg_node_load,spr2
800,0.05463715624591551,avg_link_load,spr2
900,0.21315547703671892,avg_node_load,spr2
900,0.054406836506083696,avg_link_load,spr2
1000,0.21221601513084112,avg_node_load,spr2
1000,0.05401498052281473,avg_link_load,spr2
0,0.0,avg_node_load,gpasp
0,0.0,avg_link_load,gpasp
100,0.32279743196841776,avg_node_load,gpasp
100,0.08674831575454564,avg_link_load,gpasp
200,0.34335154918531285,avg_node_load,gpasp
200,0.09742528065315649,avg_link_load,gpasp
300,0.35330599340906793,avg_node_load,gpasp
300,0.10392640020076917,avg_link_load,gpasp
400,0.3611042014892248,avg_node_load,gpasp
400,0.11051321571736232,avg_link_load,gpasp
500,0.35989514914242376,avg_node_load,gpasp
500,0.11108862204221108,avg_link_load,gpasp
600,0.36228286060635684,avg_node_load,gpasp
600,0.11221876841619914,avg_link_load,gpasp
700,0.3613193233276762,avg_node_load,gpasp
700,0.11334091100665683,avg_link_load,gpasp
800,0.36296639924012397,avg_node_load,gpasp
800,0.11536226213831796,avg_link_load,gpasp
900,0.36103991661355556,avg_node_load,gpasp
900,0.11500591024308468,avg_link_load,gpasp
1000,0.36087617372390973,avg_node_load,gpasp
1000,0.11476973176021543,avg_link_load,gpasp
0,0.0,avg_node_load,spr2
0,0.0,avg_link_load,spr2
100,0.312856436390455,avg_node_load,spr2
100,0.09468436904542349,avg_link_load,spr2
200,0.33730228114440597,avg_node_load,spr2
200,0.1122910549432161,avg_link_load,spr2
300,0.34088944020628753,avg_node_load,spr2
300,0.11460624100832274,avg_link_load,spr2
400,0.34676733958472655,avg_node_load,spr2
400,0.12023066488121861,avg_link_load,spr2
500,0.34884962961323795,avg_node_load,spr2
500,0.12310815072168826,avg_link_load,spr2
600,0.3470980273458853,avg_node_load,spr2
600,0.12446391508575232,avg_link_load,spr2
700,0.34898819658496916,avg_node_load,spr2
700,0.12720706806006765,avg_link_load,spr2
800,0.35249378306780643,avg_node_load,spr2
800,0.13293724799867832,avg_link_load,spr2
900,0.35538043392584,avg_node_load,spr2
900,0.13727528260307664,avg_link_load,spr2
1000,0.3554368410648229,avg_node_load,spr2
1000,0.13754635445810826,avg_link_load,spr2
0,0.0,avg_node_load,gpasp
0,0.0,avg_link_load,gpasp
100,0.26928440168630347,avg_node_load,gpasp
100,0.06444240262313988,avg_link_load,gpasp
200,0.2794714114606243,avg_node_load,gpasp
200,0.06975683456260894,avg_link_load,gpasp
300,0.2924849923216434,avg_node_load,gpasp
300,0.07290331930622367,avg_link_load,gpasp
400,0.298040442275694,avg_node_load,gpasp
400,0.07640108643380117,avg_link_load,gpasp
500,0.3008232339248115,avg_node_load,gpasp
500,0.07854756947795634,avg_link_load,gpasp
600,0.3008891978434092,avg_node_load,gpasp
600,0.07977322991620807,avg_link_load,gpasp
700,0.30137418995031456,avg_node_load,gpasp
700,0.08052742237601565,avg_link_load,gpasp
800,0.30414695264506864,avg_node_load,gpasp
800,0.08106510975107124,avg_link_load,gpasp
900,0.3051584414407252,avg_node_load,gpasp
900,0.08146930404258351,avg_link_load,gpasp
1000,0.3040980152279693,avg_node_load,gpasp
1000,0.0805284698297163,avg_link_load,gpasp
0,0.0,avg_node_load,spr2
0,0.0,avg_link_load,spr2
100,0.2691861780923355,avg_node_load,spr2
100,0.06869276877074584,avg_link_load,spr2
200,0.28887945519290675,avg_node_load,spr2
200,0.08230131670625825,avg_link_load,spr2
300,0.3019291112080678,avg_node_load,spr2
300,0.09054812401971778,avg_link_load,spr2
400,0.3046797020108082,avg_node_load,spr2
400,0.09684371046326974,avg_link_load,spr2
500,0.3021888054535376,avg_node_load,spr2
500,0.09778887643664856,avg_link_load,spr2
600,0.30891687049141725,avg_node_load,spr2
600,0.10092546341614715,avg_link_load,spr2
700,0.3120204968746945,avg_node_load,spr2
700,0.10330576565320261,avg_link_load,spr2
800,0.31236369890881743,avg_node_load,spr2
800,0.10388546213808379,avg_link_load,spr2
900,0.31345456796980925,avg_node_load,spr2
900,0.1059092263050271,avg_link_load,spr2
1000,0.31433647560938466,avg_node_load,spr2
1000,0.106895419776718,avg_link_load,spr2
0,0.0,avg_node_load,gpasp
0,0.0,avg_link_load,gpasp
100,0.4022754821435093,avg_node_load,gpasp
100,0.1102518966120296,avg_link_load,gpasp
200,0.4427036622185775,avg_node_load,gpasp
200,0.136825973885036,avg_link_load,gpasp
300,0.4507790177697853,avg_node_load,gpasp
300,0.14355322126110662,avg_link_load,gpasp
400,0.4546220372243716,avg_node_load,gpasp
400,0.145020880769318,avg_link_load,gpasp
500,0.4502059852144942,avg_node_load,gpasp
500,0.14323884079053503,avg_link_load,gpasp
600,0.4500678525911497,avg_node_load,gpasp
600,0.14249163011761565,avg_link_load,gpasp
700,0.45036520087074644,avg_node_load,gpasp
700,0.1431044057313294,avg_link_load,gpasp
800,0.4494773556721214,avg_node_load,gpasp
800,0.1421640777725181,avg_link_load,gpasp
900,0.4493496816257878,avg_node_load,gpasp
900,0.1424257798645298,avg_link_load,gpasp
1000,0.4518744222585575,avg_node_load,gpasp
1000,0.1437785794213857,avg_link_load,gpasp
0,0.0,avg_node_load,spr2
0,0.0,avg_link_load,spr2
100,0.3848050182754795,avg_node_load,spr2
100,0.11277414291722461,avg_link_load,spr2
200,0.4134331292556645,avg_node_load,spr2
200,0.14632395277507856,avg_link_load,spr2
300,0.4287249248747338,avg_node_load,spr2
300,0.1580854634784997,avg_link_load,spr2
400,0.43643851109734383,avg_node_load,spr2
400,0.16566557090942857,avg_link_load,spr2
500,0.43832295271725047,avg_node_load,spr2
500,0.17084848656240945,avg_link_load,spr2
600,0.4402252489814117,avg_node_load,spr2
600,0.17346414571320862,avg_link_load,spr2
700,0.4409867431589199,avg_node_load,spr2
700,0.1761757325402812,avg_link_load,spr2
800,0.43902485963561855,avg_node_load,spr2
800,0.17629196030951175,avg_link_load,spr2
900,0.4366552929847422,avg_node_load,spr2
900,0.17472415899996682,avg_link_load,spr2
1000,0.4357743067192643,avg_node_load,spr2
1000,0.1758894462986806,avg_link_load,spr2
0,0.0,avg_node_load,gpasp
0,0.0,avg_link_load,gpasp
100,0.22999238791200358,avg_node_load,gpasp
100,0.055065438583136804,avg_link_load,gpasp
200,0.24005212349895516,avg_node_load,gpasp
200,0.05865273034409305,avg_link_load,gpasp
300,0.24762733720180471,avg_node_load,gpasp
300,0.061111689158644185,avg_link_load,gpasp
400,0.24958693052191286,avg_node_load,gpasp
400,0.06028583201841135,avg_link_load,gpasp
500,0.2534718544921876,avg_node_load,gpasp
500,0.06206000827227828,avg_link_load,gpasp
600,0.2585582602275642,avg_node_load,gpasp
600,0.06463583195807612,avg_link_load,gpasp
700,0.2609004529233103,avg_node_load,gpasp
700,0.0647819860157768,avg_link_load,gpasp
800,0.2652435333906217,avg_node_load,gpasp
800,0.06672669285664007,avg_link_load,gpasp
900,0.2653267962279343,avg_node_load,gpasp
900,0.06671103774186493,avg_link_load,gpasp
1000,0.26676739167578517,avg_node_load,gpasp
1000,0.06729227971809652,avg_link_load,gpasp
0,0.0,avg_node_load,spr2
0,0.0,avg_link_load,spr2
100,0.24258562832677413,avg_node_load,spr2
100,0.05785798040577037,avg_link_load,spr2
200,0.251045278083412,avg_node_load,spr2
200,0.06611513629097553,avg_link_load,spr2
300,0.2608118016200744,avg_node_load,spr2
300,0.07442638662098826,avg_link_load,spr2
400,0.270933908045968,avg_node_load,spr2
400,0.08163210788785508,avg_link_load,spr2
500,0.27046806176372024,avg_node_load,spr2
500,0.0819295523656244,avg_link_load,spr2
600,0.2718939615757009,avg_node_load,spr2
600,0.08203323898686421,avg_link_load,spr2
700,0.2779403350732985,avg_node_load,spr2
700,0.0843810318362496,avg_link_load,spr2
800,0.278494348628303,avg_node_load,spr2
800,0.0845016296721884,avg_link_load,spr2
900,0.27871710571457137,avg_node_load,spr2
900,0.08553540189368801,avg_link_load,spr2
1000,0.27801661303307995,avg_node_load,spr2
1000,0.08531759925004281,avg_link_load,spr2
0,0.0,avg_node_load,gpasp
0,0.0,avg_link_load,gpasp
100,0.285321667524447,avg_node_load,gpasp
100,0.07166632355464055,avg_link_load,gpasp
200,0.3224490076646654,avg_node_load,gpasp
200,0.10008191053667419,avg_link_load,gpasp
300,0.32690825457771877,avg_node_load,gpasp
300,0.10054106546644682,avg_link_load,gpasp
400,0.3304873691869111,avg_node_load,gpasp
400,0.10040622356900016,avg_link_load,gpasp
500,0.3354337263810021,avg_node_load,gpasp
500,0.10298499118305839,avg_link_load,gpasp
600,0.33952611842619923,avg_node_load,gpasp
600,0.10525091885661096,avg_link_load,gpasp
700,0.3402272934771976,avg_node_load,gpasp
700,0.10588353390738103,avg_link_load,gpasp
800,0.339726335599359,avg_node_load,gpasp
800,0.10598381498483334,avg_link_load,gpasp
900,0.3395774588889864,avg_node_load,gpasp
900,0.10565494313133764,avg_link_load,gpasp
1000,0.341010431459726,avg_node_load,gpasp
1000,0.10646624576893636,avg_link_load,gpasp
0,0.0,avg_node_load,spr2
0,0.0,avg_link_load,spr2
100,0.27581386616873677,avg_node_load,spr2
100,0.0709723772604574,avg_link_load,spr2
200,0.31078281423803544,avg_node_load,spr2
200,0.09192157953281399,avg_link_load,spr2
300,0.3277792772088802,avg_node_load,spr2
300,0.10022215333746534,avg_link_load,spr2
400,0.32803436500303085,avg_node_load,spr2
400,0.10163201381665408,avg_link_load,spr2
500,0.32992421439493125,avg_node_load,spr2
500,0.10437056015983404,avg_link_load,spr2
600,0.33695687054141543,avg_node_load,spr2
600,0.10835506707731678,avg_link_load,spr2
700,0.33495116820673493,avg_node_load,spr2
700,0.10753296056609125,avg_link_load,spr2
800,0.33687297919751663,avg_node_load,spr2
800,0.10875828945394041,avg_link_load,spr2
900,0.34104536397378327,avg_node_load,spr2
900,0.11091095552524396,avg_link_load,spr2
1000,0.34106343802776673,avg_node_load,spr2
1000,0.11086996362615541,avg_link_load,spr2
0,0.0,avg_node_load,gpasp
0,0.0,avg_link_load,gpasp
100,0.3194534808067677,avg_node_load,gpasp
100,0.07901490692887829,avg_link_load,gpasp
200,0.32105279570013695,avg_node_load,gpasp
200,0.08266843559476449,avg_link_load,gpasp
300,0.3212254607705723,avg_node_load,gpasp
300,0.08379863689474795,avg_link_load,gpasp
400,0.32369193266862434,avg_node_load,gpasp
400,0.08554961675267153,avg_link_load,gpasp
500,0.3257658645683331,avg_node_load,gpasp
500,0.0861296170210318,avg_link_load,gpasp
600,0.32757326012197363,avg_node_load,gpasp
600,0.08642053606740836,avg_link_load,gpasp
700,0.32771640581699474,avg_node_load,gpasp
700,0.08713428837642642,avg_link_load,gpasp
800,0.32812473238411316,avg_node_load,gpasp
800,0.08738665932383533,avg_link_load,gpasp
900,0.32668898549060843,avg_node_load,gpasp
900,0.08698884761265832,avg_link_load,gpasp
1000,0.32780800210580746,avg_node_load,gpasp
1000,0.08694260594893413,avg_link_load,gpasp
0,0.0,avg_node_load,spr2
0,0.0,avg_link_load,spr2
100,0.3102635879152497,avg_node_load,spr2
100,0.0833873074232942,avg_link_load,spr2
200,0.3258479232440802,avg_node_load,spr2
200,0.09448366066669403,avg_link_load,spr2
300,0.3174907110344196,avg_node_load,spr2
300,0.09223250148428346,avg_link_load,spr2
400,0.3088523663742593,avg_node_load,spr2
400,0.08963433815099132,avg_link_load,spr2
500,0.31407104366757976,avg_node_load,spr2
500,0.09219109952545032,avg_link_load,spr2
600,0.31689949340695883,avg_node_load,spr2
600,0.09332022906265208,avg_link_load,spr2
700,0.31915476872329174,avg_node_load,spr2
700,0.09432016297901427,avg_link_load,spr2
800,0.32109067777005584,avg_node_load,spr2
800,0.09539977293333532,avg_link_load,spr2
900,0.3211875414498745,avg_node_load,spr2
900,0.09543392784734986,avg_link_load,spr2
1000,0.32027657379565216,avg_node_load,spr2
1000,0.09476255517881252,avg_link_load,spr2
0,0.0,avg_node_load,gpasp
0,0.0,avg_link_load,gpasp
100,0.23390936958973385,avg_node_load,gpasp
100,0.05491870370664513,avg_link_load,gpasp
200,0.2577423094008464,avg_node_load,gpasp
200,0.06611592351972177,avg_link_load,gpasp
300,0.26429482627106377,avg_node_load,gpasp
300,0.0709475963772504,avg_link_load,gpasp
400,0.26810272432132215,avg_node_load,gpasp
400,0.0716735147402511,avg_link_load,gpasp
500,0.26920106349638623,avg_node_load,gpasp
500,0.07278394443939043,avg_link_load,gpasp
600,0.2664296149287399,avg_node_load,gpasp
600,0.07108695360245922,avg_link_load,gpasp
700,0.2667696133993816,avg_node_load,gpasp
700,0.07087287306592127,avg_link_load,gpasp
800,0.2680356531171431,avg_node_load,gpasp
800,0.07122051373136104,avg_link_load,gpasp
900,0.2692106159649876,avg_node_load,gpasp
900,0.07203474058581703,avg_link_load,gpasp
1000,0.27000597104044416,avg_node_load,gpasp
1000,0.07290089731469049,avg_link_load,gpasp
0,0.0,avg_node_load,spr2
0,0.0,avg_link_load,spr2
100,0.2676541052895843,avg_node_load,spr2
100,0.06894375627720133,avg_link_load,spr2
200,0.25209602621276067,avg_node_load,spr2
200,0.06831975936743223,avg_link_load,spr2
300,0.25739182208506634,avg_node_load,spr2
300,0.07119117581287167,avg_link_load,spr2
400,0.2568160356258867,avg_node_load,spr2
400,0.072762016944828,avg_link_load,spr2
500,0.25848807112311184,avg_node_load,spr2
500,0.07534088233848459,avg_link_load,spr2
600,0.2581452064330149,avg_node_load,spr2
600,0.0755410168770213,avg_link_load,spr2
700,0.2575060537681832,avg_node_load,spr2
700,0.07563552075698772,avg_link_load,spr2
800,0.2601116790016898,avg_node_load,spr2
800,0.07752958114645396,avg_link_load,spr2
900,0.2597794747426564,avg_node_load,spr2
900,0.07803157651453523,avg_link_load,spr2
1000,0.2619127583881657,avg_node_load,spr2
1000,0.07952686771920725,avg_link_load,spr2
0,0.0,avg_node_load,gpasp
0,0.0,avg_link_load,gpasp
100,0.2490019312703624,avg_node_load,gpasp
100,0.053568820549109816,avg_link_load,gpasp
200,0.26920897958100054,avg_node_load,gpasp
200,0.059218045844334065,avg_link_load,gpasp
300,0.261680552291679,avg_node_load,gpasp
300,0.05715550865431335,avg_link_load,gpasp
400,0.2582097128074111,avg_node_load,gpasp
400,0.056170285227756106,avg_link_load,gpasp
500,0.255822064243648,avg_node_load,gpasp
500,0.056372800286809084,avg_link_load,gpasp
600,0.2565054830584312,avg_node_load,gpasp
600,0.05618504893646912,avg_link_load,gpasp
700,0.2596168148536517,avg_node_load,gpasp
700,0.05813357529150829,avg_link_load,gpasp
800,0.2618143241061598,avg_node_load,gpasp
800,0.05878808410028247,avg_link_load,gpasp
900,0.2620875054074653,avg_node_load,gpasp
900,0.05944193493217067,avg_link_load,gpasp
1000,0.2631782244414201,avg_node_load,gpasp
1000,0.0604233166807611,avg_link_load,gpasp
0,0.0,avg_node_load,spr2
0,0.0,avg_link_load,spr2
100,0.2610125412100138,avg_node_load,spr2
100,0.06583615491995583,avg_link_load,spr2
200,0.277381749485863,avg_node_load,spr2
200,0.07966110287435993,avg_link_load,spr2
300,0.2736238830773356,avg_node_load,spr2
300,0.07969839212743898,avg_link_load,spr2
400,0.27390663024013084,avg_node_load,spr2
400,0.0795701822856875,avg_link_load,spr2
500,0.2715574533989194,avg_node_load,spr2
500,0.07870657928619508,avg_link_load,spr2
600,0.2686682707557983,avg_node_load,spr2
600,0.0774570802998766,avg_link_load,spr2
700,0.2665264636977395,avg_node_load,spr2
700,0.07672860919717249,avg_link_load,spr2
800,0.26558847804072133,avg_node_load,spr2
800,0.07604730379675136,avg_link_load,spr2
900,0.2665857256066902,avg_node_load,spr2
900,0.07648139081704332,avg_link_load,spr2
1000,0.2662271283057606,avg_node_load,spr2
1000,0.07719277949101205,avg_link_load,spr2
0,0.0,avg_node_load,gpasp
0,0.0,avg_link_load,gpasp
100,0.30338256571015193,avg_node_load,gpasp
100,0.07289767703560814,avg_link_load,gpasp
200,0.3300384281172911,avg_node_load,gpasp
200,0.08484989466450042,avg_link_load,gpasp
300,0.33793642458721945,avg_node_load,gpasp
300,0.08857557506039238,avg_link_load,gpasp
400,0.345443430615617,avg_node_load,gpasp
400,0.09105739243896753,avg_link_load,gpasp
500,0.3457071754870415,avg_node_load,gpasp
500,0.09162226532539576,avg_link_load,gpasp
600,0.3476439828694448,avg_node_load,gpasp
600,0.0943644885669595,avg_link_load,gpasp
700,0.34430720265145914,avg_node_load,gpasp
700,0.09328500867072706,avg_link_load,gpasp
800,0.34085748132172844,avg_node_load,gpasp
800,0.09135340025605095,avg_link_load,gpasp
900,0.338565452007919,avg_node_load,gpasp
900,0.09002247669679092,avg_link_load,gpasp
1000,0.3396544764752824,avg_node_load,gpasp
1000,0.09045857044952318,avg_link_load,gpasp
0,0.0,avg_node_load,spr2
0,0.0,avg_link_load,spr2
100,0.31879258594814713,avg_node_load,spr2
100,0.08236181309045326,avg_link_load,spr2
200,0.328144664515796,avg_node_load,spr2
200,0.09290724362900481,avg_link_load,spr2
300,0.3261202870012885,avg_node_load,spr2
300,0.09271141060477785,avg_link_load,spr2
400,0.31986191835981553,avg_node_load,spr2
400,0.08960985859578789,avg_link_load,spr2
500,0.32022143425373845,avg_node_load,spr2
500,0.09047935510298358,avg_link_load,spr2
600,0.3238665953295727,avg_node_load,spr2
600,0.09176688836436751,avg_link_load,spr2
700,0.32439595551864825,avg_node_load,spr2
700,0.09283989600998643,avg_link_load,spr2
800,0.32709253080695033,avg_node_load,spr2
800,0.09458860644532162,avg_link_load,spr2
900,0.3314298727998979,avg_node_load,spr2
900,0.0971377917439721,avg_link_load,spr2
1000,0.33404974411432864,avg_node_load,spr2
1000,0.09964481954274447,avg_link_load,spr2
0,0.0,avg_node_load,gpasp
0,0.0,avg_link_load,gpasp
100,0.318042472005118,avg_node_load,gpasp
100,0.08705713160395621,avg_link_load,gpasp
200,0.3282103942182602,avg_node_load,gpasp
200,0.09556303695565257,avg_link_load,gpasp
300,0.34178186167761404,avg_node_load,gpasp
300,0.10455076049747462,avg_link_load,gpasp
400,0.34607691089624515,avg_node_load,gpasp
400,0.10714048634785794,avg_link_load,gpasp
500,0.34899257873057876,avg_node_load,gpasp
500,0.1081892530723192,avg_link_load,gpasp
600,0.3478820041198853,avg_node_load,gpasp
600,0.10817624724223225,avg_link_load,gpasp
700,0.3526289727198984,avg_node_load,gpasp
700,0.1113330246476916,avg_link_load,gpasp
800,0.3513535351711426,avg_node_load,gpasp
800,0.11056657232321221,avg_link_load,gpasp
900,0.3498438253611488,avg_node_load,gpasp
900,0.10971879874712755,avg_link_load,gpasp
1000,0.35095630960061475,avg_node_load,gpasp
1000,0.11006475884686207,avg_link_load,gpasp
0,0.0,avg_node_load,spr2
0,0.0,avg_link_load,spr2
100,0.3283565337970852,avg_node_load,spr2
100,0.103491127131391,avg_link_load,spr2
200,0.33149160238327846,avg_node_load,spr2
200,0.11202912421084944,avg_link_load,spr2
300,0.3455979034482732,avg_node_load,spr2
300,0.12973600367816002,avg_link_load,spr2
400,0.35593286107049116,avg_node_load,spr2
400,0.1394078679977505,avg_link_load,spr2
500,0.35744436833275844,avg_node_load,spr2
500,0.13804546034095191,avg_link_load,spr2
600,0.3601539285208498,avg_node_load,spr2
600,0.1390432583965776,avg_link_load,spr2
700,0.3587178348221147,avg_node_load,spr2
700,0.13792180117592848,avg_link_load,spr2
800,0.35924953846837293,avg_node_load,spr2
800,0.14051502352206915,avg_link_load,spr2
900,0.3614994944422366,avg_node_load,spr2
900,0.14232881656651136,avg_link_load,spr2
1000,0.3614214025483573,avg_node_load,spr2
1000,0.14194969816824757,avg_link_load,spr2
0,0.0,avg_node_load,gpasp
0,0.0,avg_link_load,gpasp
100,0.282749719262689,avg_node_load,gpasp
100,0.06673376973149647,avg_link_load,gpasp
200,0.30458285432252835,avg_node_load,gpasp
200,0.07685359624254905,avg_link_load,gpasp
300,0.3057235774256386,avg_node_load,gpasp
300,0.08060407430329271,avg_link_load,gpasp
400,0.31392179156484057,avg_node_load,gpasp
400,0.08452216641023222,avg_link_load,gpasp
500,0.3157356270106371,avg_node_load,gpasp
500,0.0857833392825865,avg_link_load,gpasp
600,0.3148120594347718,avg_node_load,gpasp
600,0.08520658256177627,avg_link_load,gpasp
700,0.3173837472564016,avg_node_load,gpasp
700,0.08634629293050025,avg_link_load,gpasp
800,0.3165524379245747,avg_node_load,gpasp
800,0.08621679805374215,avg_link_load,gpasp
900,0.3170270954120166,avg_node_load,gpasp
900,0.08684701219239079,avg_link_load,gpasp
1000,0.31978219428282073,avg_node_load,gpasp
1000,0.08900321887987629,avg_link_load,gpasp
0,0.0,avg_node_load,spr2
0,0.0,avg_link_load,spr2
100,0.3075790725326994,avg_node_load,spr2
100,0.07923665477606052,avg_link_load,spr2
200,0.3185468339166924,avg_node_load,spr2
200,0.09230021827357314,avg_link_load,spr2
300,0.3145117015806584,avg_node_load,spr2
300,0.09182802297744758,avg_link_load,spr2
400,0.3134010567496773,avg_node_load,spr2
400,0.09192049177280277,avg_link_load,spr2
500,0.31839198652600803,avg_node_load,spr2
500,0.09569586835467539,avg_link_load,spr2
600,0.31888414534180054,avg_node_load,spr2
600,0.09753114591094486,avg_link_load,spr2
700,0.32040751110493665,avg_node_load,spr2
700,0.09755610091531057,avg_link_load,spr2
800,0.3217730141625508,avg_node_load,spr2
800,0.09888684292240353,avg_link_load,spr2
900,0.3269634230384648,avg_node_load,spr2
900,0.10123779926990442,avg_link_load,spr2
1000,0.3255100709775943,avg_node_load,spr2
1000,0.10057818849200022,avg_link_load,spr2
0,0.0,avg_node_load,gpasp
0,0.0,avg_link_load,gpasp
100,0.23910809018567866,avg_node_load,gpasp
100,0.04538052608311231,avg_link_load,gpasp
200,0.28292183631408974,avg_node_load,gpasp
200,0.062185199017017675,avg_link_load,gpasp
300,0.28690656599224745,avg_node_load,gpasp
300,0.06525456624039576,avg_link_load,gpasp
400,0.29022542654877803,avg_node_load,gpasp
400,0.06860881479789906,avg_link_load,gpasp
500,0.28355551446795807,avg_node_load,gpasp
500,0.06674460395233266,avg_link_load,gpasp
600,0.282142544215115,avg_node_load,gpasp
600,0.06531283907023751,avg_link_load,gpasp
700,0.28201431712907765,avg_node_load,gpasp
700,0.06622759556449676,avg_link_load,gpasp
800,0.28261967976804053,avg_node_load,gpasp
800,0.0664529398031256,avg_link_load,gpasp
900,0.28029605817179454,avg_node_load,gpasp
900,0.06553079332068976,avg_link_load,gpasp
1000,0.2795035860214589,avg_node_load,gpasp
1000,0.06505307400073788,avg_link_load,gpasp
0,0.0,avg_node_load,spr2
0,0.0,avg_link_load,spr2
100,0.24112708536014343,avg_node_load,spr2
100,0.051664324577523145,avg_link_load,spr2
200,0.2560500465536476,avg_node_load,spr2
200,0.06217757234180503,avg_link_load,spr2
300,0.25962623013538766,avg_node_load,spr2
300,0.06393239480526876,avg_link_load,spr2
400,0.2652507884301028,avg_node_load,spr2
400,0.06611124410629017,avg_link_load,spr2
500,0.2680344908951743,avg_node_load,spr2
500,0.06861278362706304,avg_link_load,spr2
600,0.2689860476404906,avg_node_load,spr2
600,0.06999159389595982,avg_link_load,spr2
700,0.26944332377766567,avg_node_load,spr2
700,0.07027099616542477,avg_link_load,spr2
800,0.26790835686965314,avg_node_load,spr2
800,0.06965121103969746,avg_link_load,spr2
900,0.26823779381168594,avg_node_load,spr2
900,0.07084527761792983,avg_link_load,spr2
1000,0.2695482522920951,avg_node_load,spr2
1000,0.07109187280440495,avg_link_load,spr2
0,0.0,avg_node_load,gpasp
0,0.0,avg_link_load,gpasp
100,0.30721830289444224,avg_node_load,gpasp
100,0.07207780048790145,avg_link_load,gpasp
200,0.31479220564434574,avg_node_load,gpasp
200,0.08034837154906639,avg_link_load,gpasp
300,0.32490880793735066,avg_node_load,gpasp
300,0.08622522849457316,avg_link_load,gpasp
400,0.33267600857320456,avg_node_load,gpasp
400,0.08822879984083505,avg_link_load,gpasp
500,0.3333017225196227,avg_node_load,gpasp
500,0.08915124066150551,avg_link_load,gpasp
600,0.334224383789431,avg_node_load,gpasp
600,0.09023815186003205,avg_link_load,gpasp
700,0.33939984481855695,avg_node_load,gpasp
700,0.09270466807412715,avg_link_load,gpasp
800,0.3406505442434124,avg_node_load,gpasp
800,0.09296149495331661,avg_link_load,gpasp
900,0.3400117574800329,avg_node_load,gpasp
900,0.09271239799947475,avg_link_load,gpasp
1000,0.3430143441939504,avg_node_load,gpasp
1000,0.09519550095600351,avg_link_load,gpasp
0,0.0,avg_node_load,spr2
0,0.0,avg_link_load,spr2
100,0.30153618963599166,avg_node_load,spr2
100,0.08362382212675684,avg_link_load,spr2
200,0.31148244765392036,avg_node_load,spr2
200,0.09292432566282019,avg_link_load,spr2
300,0.31652779506755874,avg_node_load,spr2
300,0.09711134164165378,avg_link_load,spr2
400,0.3272482002050139,avg_node_load,spr2
400,0.10538490034241624,avg_link_load,spr2
500,0.3368202423766187,avg_node_load,spr2
500,0.11155407134294315,avg_link_load,spr2
600,0.33700543738102035,avg_node_load,spr2
600,0.11247228709237853,avg_link_load,spr2
700,0.3336801426872753,avg_node_load,spr2
700,0.1111308471156267,avg_link_load,spr2
800,0.3324421083911419,avg_node_load,spr2
800,0.1109482876916506,avg_link_load,spr2
900,0.33358234364501754,avg_node_load,spr2
900,0.11251582767728087,avg_link_load,spr2
1000,0.3345728720396821,avg_node_load,spr2
1000,0.11303972707023573,avg_link_load,spr2
0,0.0,avg_node_load,gpasp
0,0.0,avg_link_load,gpasp
100,0.2874423239686574,avg_node_load,gpasp
100,0.05540885139378038,avg_link_load,gpasp
200,0.3047296773539509,avg_node_load,gpasp
200,0.06442585382045239,avg_link_load,gpasp
300,0.29943642077898164,avg_node_load,gpasp
300,0.06189370129965904,avg_link_load,gpasp
400,0.29863592003311146,avg_node_load,gpasp
400,0.06266814534413713,avg_link_load,gpasp
500,0.30051547855385585,avg_node_load,gpasp
500,0.0629717056657283,avg_link_load,gpasp
600,0.2963603743808129,avg_node_load,gpasp
600,0.0615873704516703,avg_link_load,gpasp
700,0.29883614161062116,avg_node_load,gpasp
700,0.061969034537794836,avg_link_load,gpasp
800,0.30155081150932905,avg_node_load,gpasp
800,0.06224836639482397,avg_link_load,gpasp
900,0.3005569961500654,avg_node_load,gpasp
900,0.06196905056508382,avg_link_load,gpasp
1000,0.3040056715827986,avg_node_load,gpasp
1000,0.06297158397545376,avg_link_load,gpasp
0,0.0,avg_node_load,spr2
0,0.0,avg_link_load,spr2
100,0.29718665095579766,avg_node_load,spr2
100,0.06712202215751747,avg_link_load,spr2
200,0.29955112119948313,avg_node_load,spr2
200,0.07310439406164763,avg_link_load,spr2
300,0.30754231567506396,avg_node_load,spr2
300,0.07912167139564014,avg_link_load,spr2
400,0.3085766796630326,avg_node_load,spr2
400,0.08209198294974486,avg_link_load,spr2
500,0.31283178112673277,avg_node_load,spr2
500,0.08601023879562489,avg_link_load,spr2
600,0.30849539210760885,avg_node_load,spr2
600,0.08464186011807522,avg_link_load,spr2
700,0.3039091634242739,avg_node_load,spr2
700,0.08234690873269451,avg_link_load,spr2
800,0.3039398326212711,avg_node_load,spr2
800,0.08255511826980536,avg_link_load,spr2
900,0.30263272800918045,avg_node_load,spr2
900,0.08155786346932396,avg_link_load,spr2
1000,0.3014929951250209,avg_node_load,spr2
1000,0.08072978547404344,avg_link_load,spr2
0,0.0,avg_node_load,gpasp
0,0.0,avg_link_load,gpasp
100,0.2747374291291019,avg_node_load,gpasp
100,0.057798432320227806,avg_link_load,gpasp
200,0.2938645840227601,avg_node_load,gpasp
200,0.06806683554052666,avg_link_load,gpasp
300,0.3071215711550394,avg_node_load,gpasp
300,0.07555355032763969,avg_link_load,gpasp
400,0.3082256412249455,avg_node_load,gpasp
400,0.07740678328414854,avg_link_load,gpasp
500,0.30832874510464614,avg_node_load,gpasp
500,0.0785728388702894,avg_link_load,gpasp
600,0.3110825842368614,avg_node_load,gpasp
600,0.08004490930582128,avg_link_load,gpasp
700,0.31137452972393015,avg_node_load,gpasp
700,0.08062114851172679,avg_link_load,gpasp
800,0.3103345238371355,avg_node_load,gpasp
800,0.08069373118087318,avg_link_load,gpasp
900,0.31329101899514855,avg_node_load,gpasp
900,0.08272053497957269,avg_link_load,gpasp
1000,0.3137180448777975,avg_node_load,gpasp
1000,0.08408889061313539,avg_link_load,gpasp
0,0.0,avg_node_load,spr2
0,0.0,avg_link_load,spr2
100,0.29848283014313365,avg_node_load,spr2
100,0.08518794012379341,avg_link_load,spr2
200,0.32038176651358535,avg_node_load,spr2
200,0.09926602839696093,avg_link_load,spr2
300,0.3236308463043448,avg_node_load,spr2
300,0.10178080746399443,avg_link_load,spr2
400,0.3230396380673204,avg_node_load,spr2
400,0.1043140920918393,avg_link_load,spr2
500,0.3233823439931066,avg_node_load,spr2
500,0.10631005604667719,avg_link_load,spr2
600,0.3228992387548143,avg_node_load,spr2
600,0.10679704097862161,avg_link_load,spr2
700,0.32666549789620325,avg_node_load,spr2
700,0.11069326223984867,avg_link_load,spr2
800,0.3270709801492619,avg_node_load,spr2
800,0.1115933598666543,avg_link_load,spr2
900,0.3267759427372783,avg_node_load,spr2
900,0.11085715934683667,avg_link_load,spr2
1000,0.32712351313194604,avg_node_load,spr2
1000,0.11273912192667301,avg_link_load,spr2
